Image,Raw_Data
019deb47-5270-44d6-8367-a52895a4547a.png,45.7%
019deb47-5270-44d6-8367-a52895a4547a.png,17.6%
019deb47-5270-44d6-8367-a52895a4547a.png,82.4%
019deb47-5270-44d6-8367-a52895a4547a.png,45.4%
019deb47-5270-44d6-8367-a52895a4547a.png,5.9%
019deb47-5270-44d6-8367-a52895a4547a.png,94.1%
019deb47-5270-44d6-8367-a52895a4547a.png,45.3%
019deb47-5270-44d6-8367-a52895a4547a.png,9.7%
019deb47-5270-44d6-8367-a52895a4547a.png,90.3%
019deb47-5270-44d6-8367-a52895a4547a.png,45.1%
019deb47-5270-44d6-8367-a52895a4547a.png,9.4%
019deb47-5270-44d6-8367-a52895a4547a.png,90.6%
019deb47-5270-44d6-8367-a52895a4547a.png,45.0%
019deb47-5270-44d6-8367-a52895a4547a.png,14.6%
019deb47-5270-44d6-8367-a52895a4547a.png,85.4%
019deb47-5270-44d6-8367-a52895a4547a.png,44.1%
019deb47-5270-44d6-8367-a52895a4547a.png,14.7%
019deb47-5270-44d6-8367-a52895a4547a.png,85.3%
019deb47-5270-44d6-8367-a52895a4547a.png,43.9%
019deb47-5270-44d6-8367-a52895a4547a.png,15.9%
019deb47-5270-44d6-8367-a52895a4547a.png,84.1%
019deb47-5270-44d6-8367-a52895a4547a.png,43.8%
019deb47-5270-44d6-8367-a52895a4547a.png,20.3%
019deb47-5270-44d6-8367-a52895a4547a.png,79.7%
019deb47-5270-44d6-8367-a52895a4547a.png,43.6%
019deb47-5270-44d6-8367-a52895a4547a.png,26.1%
019deb47-5270-44d6-8367-a52895a4547a.png,73.9%
019deb47-5270-44d6-8367-a52895a4547a.png,43.5%
019deb47-5270-44d6-8367-a52895a4547a.png,20.1%
019deb47-5270-44d6-8367-a52895a4547a.png,79.9%
019deb47-5270-44d6-8367-a52895a4547a.png,43.5%
019deb47-5270-44d6-8367-a52895a4547a.png,15.4%
019deb47-5270-44d6-8367-a52895a4547a.png,84.6%
0c51f668-ebc0-43fa-8e61-60cf550c2e21.png,52.0%
0c51f668-ebc0-43fa-8e61-60cf550c2e21.png,19.9%
0c51f668-ebc0-43fa-8e61-60cf550c2e21.png,80.1%
0c51f668-ebc0-43fa-8e61-60cf550c2e21.png,51.7%
0c51f668-ebc0-43fa-8e61-60cf550c2e21.png,40.4%
0c51f668-ebc0-43fa-8e61-60cf550c2e21.png,59.6%
0c51f668-ebc0-43fa-8e61-60cf550c2e21.png,49.8%
0c51f668-ebc0-43fa-8e61-60cf550c2e21.png,28.9%
0c51f668-ebc0-43fa-8e61-60cf550c2e21.png,71.1%
0c51f668-ebc0-43fa-8e61-60cf550c2e21.png,49.6%
0c51f668-ebc0-43fa-8e61-60cf550c2e21.png,14.3%
0c51f668-ebc0-43fa-8e61-60cf550c2e21.png,85.7%
0c51f668-ebc0-43fa-8e61-60cf550c2e21.png,49.4%
0c51f668-ebc0-43fa-8e61-60cf550c2e21.png,28.6%
0c51f668-ebc0-43fa-8e61-60cf550c2e21.png,71.4%
0c51f668-ebc0-43fa-8e61-60cf550c2e21.png,49.4%
0c51f668-ebc0-43fa-8e61-60cf550c2e21.png,19.8%
0c51f668-ebc0-43fa-8e61-60cf550c2e21.png,80.2%
0c51f668-ebc0-43fa-8e61-60cf550c2e21.png,49.1%
0c51f668-ebc0-43fa-8e61-60cf550c2e21.png,23.2%
0c51f668-ebc0-43fa-8e61-60cf550c2e21.png,76.8%
0c51f668-ebc0-43fa-8e61-60cf550c2e21.png,49.1%
0c51f668-ebc0-43fa-8e61-60cf550c2e21.png,28.0%
0c51f668-ebc0-43fa-8e61-60cf550c2e21.png,72.0%
0c51f668-ebc0-43fa-8e61-60cf550c2e21.png,48.8%
0c51f668-ebc0-43fa-8e61-60cf550c2e21.png,0%
0c51f668-ebc0-43fa-8e61-60cf550c2e21.png,0%
0c51f668-ebc0-43fa-8e61-60cf550c2e21.png,48.3%
0c51f668-ebc0-43fa-8e61-60cf550c2e21.png,24.9%
0c51f668-ebc0-43fa-8e61-60cf550c2e21.png,75.1%
0c51f668-ebc0-43fa-8e61-60cf550c2e21.png,48.2%
0c51f668-ebc0-43fa-8e61-60cf550c2e21.png,42.2%
0c51f668-ebc0-43fa-8e61-60cf550c2e21.png,57.8%
0e9b8478-d8e9-497a-810f-57725a3429a2.png,61.8%
0e9b8478-d8e9-497a-810f-57725a3429a2.png,0%
0e9b8478-d8e9-497a-810f-57725a3429a2.png,58.4%
0e9b8478-d8e9-497a-810f-57725a3429a2.png,54.3%
0e9b8478-d8e9-497a-810f-57725a3429a2.png,0%
0e9b8478-d8e9-497a-810f-57725a3429a2.png,54.0%
0e9b8478-d8e9-497a-810f-57725a3429a2.png,0%
0e9b8478-d8e9-497a-810f-57725a3429a2.png,48.8%
0e9b8478-d8e9-497a-810f-57725a3429a2.png,0%
0e9b8478-d8e9-497a-810f-57725a3429a2.png,46.1%
0e9b8478-d8e9-497a-810f-57725a3429a2.png,0%
0e9b8478-d8e9-497a-810f-57725a3429a2.png,28.5%
1066d6dc-1981-4c22-baf0-a41b2ff1f06e.png,38.0%
1066d6dc-1981-4c22-baf0-a41b2ff1f06e.png,13.9%
1066d6dc-1981-4c22-baf0-a41b2ff1f06e.png,86.1%
1066d6dc-1981-4c22-baf0-a41b2ff1f06e.png,37.6%
1066d6dc-1981-4c22-baf0-a41b2ff1f06e.png,18.8%
1066d6dc-1981-4c22-baf0-a41b2ff1f06e.png,81.2%
1066d6dc-1981-4c22-baf0-a41b2ff1f06e.png,36.9%
1066d6dc-1981-4c22-baf0-a41b2ff1f06e.png,9.4%
1066d6dc-1981-4c22-baf0-a41b2ff1f06e.png,90.6%
1066d6dc-1981-4c22-baf0-a41b2ff1f06e.png,36.5%
1066d6dc-1981-4c22-baf0-a41b2ff1f06e.png,3.9%
1066d6dc-1981-4c22-baf0-a41b2ff1f06e.png,96.1%
1066d6dc-1981-4c22-baf0-a41b2ff1f06e.png,35.5%
1066d6dc-1981-4c22-baf0-a41b2ff1f06e.png,13.5%
1066d6dc-1981-4c22-baf0-a41b2ff1f06e.png,86.5%
1066d6dc-1981-4c22-baf0-a41b2ff1f06e.png,32.6%
1066d6dc-1981-4c22-baf0-a41b2ff1f06e.png,12.3%
1066d6dc-1981-4c22-baf0-a41b2ff1f06e.png,87.7%
1066d6dc-1981-4c22-baf0-a41b2ff1f06e.png,32.0%
1066d6dc-1981-4c22-baf0-a41b2ff1f06e.png,6.7%
1066d6dc-1981-4c22-baf0-a41b2ff1f06e.png,93.3%
1066d6dc-1981-4c22-baf0-a41b2ff1f06e.png,29.7%
1066d6dc-1981-4c22-baf0-a41b2ff1f06e.png,100.0%
1066d6dc-1981-4c22-baf0-a41b2ff1f06e.png,0.0%
1066d6dc-1981-4c22-baf0-a41b2ff1f06e.png,29.5%
1066d6dc-1981-4c22-baf0-a41b2ff1f06e.png,0%
1066d6dc-1981-4c22-baf0-a41b2ff1f06e.png,0%
1066d6dc-1981-4c22-baf0-a41b2ff1f06e.png,28.3%
1066d6dc-1981-4c22-baf0-a41b2ff1f06e.png,0.0%
1066d6dc-1981-4c22-baf0-a41b2ff1f06e.png,100.0%
1066d6dc-1981-4c22-baf0-a41b2ff1f06e.png,20.7%
1066d6dc-1981-4c22-baf0-a41b2ff1f06e.png,0.0%
1066d6dc-1981-4c22-baf0-a41b2ff1f06e.png,100.0%
15f2f9e3-6f5b-437f-999c-9541f6e995e8.png,45.8%
15f2f9e3-6f5b-437f-999c-9541f6e995e8.png,23.5%
15f2f9e3-6f5b-437f-999c-9541f6e995e8.png,76.5%
15f2f9e3-6f5b-437f-999c-9541f6e995e8.png,45.3%
15f2f9e3-6f5b-437f-999c-9541f6e995e8.png,28.4%
15f2f9e3-6f5b-437f-999c-9541f6e995e8.png,71.6%
15f2f9e3-6f5b-437f-999c-9541f6e995e8.png,45.1%
15f2f9e3-6f5b-437f-999c-9541f6e995e8.png,10.1%
15f2f9e3-6f5b-437f-999c-9541f6e995e8.png,89.9%
15f2f9e3-6f5b-437f-999c-9541f6e995e8.png,45.1%
15f2f9e3-6f5b-437f-999c-9541f6e995e8.png,23.5%
15f2f9e3-6f5b-437f-999c-9541f6e995e8.png,76.5%
15f2f9e3-6f5b-437f-999c-9541f6e995e8.png,45.0%
15f2f9e3-6f5b-437f-999c-9541f6e995e8.png,30.0%
15f2f9e3-6f5b-437f-999c-9541f6e995e8.png,70.0%
15f2f9e3-6f5b-437f-999c-9541f6e995e8.png,44.7%
15f2f9e3-6f5b-437f-999c-9541f6e995e8.png,13.4%
15f2f9e3-6f5b-437f-999c-9541f6e995e8.png,86.6%
15f2f9e3-6f5b-437f-999c-9541f6e995e8.png,43.7%
15f2f9e3-6f5b-437f-999c-9541f6e995e8.png,19.3%
15f2f9e3-6f5b-437f-999c-9541f6e995e8.png,43.4%
15f2f9e3-6f5b-437f-999c-9541f6e995e8.png,27.8%
15f2f9e3-6f5b-437f-999c-9541f6e995e8.png,72.2%
15f2f9e3-6f5b-437f-999c-9541f6e995e8.png,43.3%
15f2f9e3-6f5b-437f-999c-9541f6e995e8.png,10.4%
15f2f9e3-6f5b-437f-999c-9541f6e995e8.png,89.6%
15f2f9e3-6f5b-437f-999c-9541f6e995e8.png,43.1%
15f2f9e3-6f5b-437f-999c-9541f6e995e8.png,27.8%
15f2f9e3-6f5b-437f-999c-9541f6e995e8.png,72.2%
15f2f9e3-6f5b-437f-999c-9541f6e995e8.png,43.1%
15f2f9e3-6f5b-437f-999c-9541f6e995e8.png,10.7%
15f2f9e3-6f5b-437f-999c-9541f6e995e8.png,89.3%
1c0c0467-9ab8-4f78-8ece-8aa4445d3e43.png,23.5%
1c0c0467-9ab8-4f78-8ece-8aa4445d3e43.png,0%
1c0c0467-9ab8-4f78-8ece-8aa4445d3e43.png,0%
1c0c0467-9ab8-4f78-8ece-8aa4445d3e43.png,20.0%
1c0c0467-9ab8-4f78-8ece-8aa4445d3e43.png,0%
1c0c0467-9ab8-4f78-8ece-8aa4445d3e43.png,0%
1c0c0467-9ab8-4f78-8ece-8aa4445d3e43.png,20.0%
1c0c0467-9ab8-4f78-8ece-8aa4445d3e43.png,0%
1c0c0467-9ab8-4f78-8ece-8aa4445d3e43.png,0%
1c0c0467-9ab8-4f78-8ece-8aa4445d3e43.png,20.0%
1c0c0467-9ab8-4f78-8ece-8aa4445d3e43.png,0%
1c0c0467-9ab8-4f78-8ece-8aa4445d3e43.png,0%
1c0c0467-9ab8-4f78-8ece-8aa4445d3e43.png,20.0%
1c0c0467-9ab8-4f78-8ece-8aa4445d3e43.png,0%
1c0c0467-9ab8-4f78-8ece-8aa4445d3e43.png,20.0%
1c0c0467-9ab8-4f78-8ece-8aa4445d3e43.png,0%
1c0c0467-9ab8-4f78-8ece-8aa4445d3e43.png,20.0%
1c0c0467-9ab8-4f78-8ece-8aa4445d3e43.png,0%
1c0c0467-9ab8-4f78-8ece-8aa4445d3e43.png,20.0%
1c0c0467-9ab8-4f78-8ece-8aa4445d3e43.png,0%
1c0c0467-9ab8-4f78-8ece-8aa4445d3e43.png,20.0%
1c0c0467-9ab8-4f78-8ece-8aa4445d3e43.png,0%
1c0c0467-9ab8-4f78-8ece-8aa4445d3e43.png,0%
1c0c0467-9ab8-4f78-8ece-8aa4445d3e43.png,20.0%
1c0c0467-9ab8-4f78-8ece-8aa4445d3e43.png,0%
1c0c0467-9ab8-4f78-8ece-8aa4445d3e43.png,20.0%
1c0c0467-9ab8-4f78-8ece-8aa4445d3e43.png,0%
1cc4b87b-9d72-4d07-b5bb-1a7409eb82bb.png,71.0%
1cc4b87b-9d72-4d07-b5bb-1a7409eb82bb.png,54.5%
1cc4b87b-9d72-4d07-b5bb-1a7409eb82bb.png,45.5%
1cc4b87b-9d72-4d07-b5bb-1a7409eb82bb.png,70.7%
1cc4b87b-9d72-4d07-b5bb-1a7409eb82bb.png,21.0%
1cc4b87b-9d72-4d07-b5bb-1a7409eb82bb.png,79.0%
1cc4b87b-9d72-4d07-b5bb-1a7409eb82bb.png,70.3%
1cc4b87b-9d72-4d07-b5bb-1a7409eb82bb.png,63.1%
1cc4b87b-9d72-4d07-b5bb-1a7409eb82bb.png,49.8%
1cc4b87b-9d72-4d07-b5bb-1a7409eb82bb.png,50.2%
1cc4b87b-9d72-4d07-b5bb-1a7409eb82bb.png,62.7%
1cc4b87b-9d72-4d07-b5bb-1a7409eb82bb.png,43.6%
1cc4b87b-9d72-4d07-b5bb-1a7409eb82bb.png,56.4%
1cc4b87b-9d72-4d07-b5bb-1a7409eb82bb.png,62.4%
1cc4b87b-9d72-4d07-b5bb-1a7409eb82bb.png,53.5%
1cc4b87b-9d72-4d07-b5bb-1a7409eb82bb.png,46.5%
1cc4b87b-9d72-4d07-b5bb-1a7409eb82bb.png,61.2%
1cc4b87b-9d72-4d07-b5bb-1a7409eb82bb.png,20.0%
1cc4b87b-9d72-4d07-b5bb-1a7409eb82bb.png,80.0%
1cc4b87b-9d72-4d07-b5bb-1a7409eb82bb.png,59.8%
1cc4b87b-9d72-4d07-b5bb-1a7409eb82bb.png,41.3%
1cc4b87b-9d72-4d07-b5bb-1a7409eb82bb.png,58.7%
1cc4b87b-9d72-4d07-b5bb-1a7409eb82bb.png,59.2%
1cc4b87b-9d72-4d07-b5bb-1a7409eb82bb.png,20.5%
1cc4b87b-9d72-4d07-b5bb-1a7409eb82bb.png,79.5%
1cc4b87b-9d72-4d07-b5bb-1a7409eb82bb.png,57.7%
1cc4b87b-9d72-4d07-b5bb-1a7409eb82bb.png,38.9%
1cc4b87b-9d72-4d07-b5bb-1a7409eb82bb.png,61.1%
1cc4b87b-9d72-4d07-b5bb-1a7409eb82bb.png,57.6%
1cc4b87b-9d72-4d07-b5bb-1a7409eb82bb.png,34.5%
1cc4b87b-9d72-4d07-b5bb-1a7409eb82bb.png,65.5%
2527f74c-5e12-4086-9cd3-04fc6d98105a.png,54.6%
2527f74c-5e12-4086-9cd3-04fc6d98105a.png,17.4%
2527f74c-5e12-4086-9cd3-04fc6d98105a.png,82.6%
2527f74c-5e12-4086-9cd3-04fc6d98105a.png,54.5%
2527f74c-5e12-4086-9cd3-04fc6d98105a.png,19.2%
2527f74c-5e12-4086-9cd3-04fc6d98105a.png,80.8%
2527f74c-5e12-4086-9cd3-04fc6d98105a.png,54.5%
2527f74c-5e12-4086-9cd3-04fc6d98105a.png,26.7%
2527f74c-5e12-4086-9cd3-04fc6d98105a.png,73.3%
2527f74c-5e12-4086-9cd3-04fc6d98105a.png,54.5%
2527f74c-5e12-4086-9cd3-04fc6d98105a.png,28.7%
2527f74c-5e12-4086-9cd3-04fc6d98105a.png,71.3%
2527f74c-5e12-4086-9cd3-04fc6d98105a.png,53.3%
2527f74c-5e12-4086-9cd3-04fc6d98105a.png,17.7%
2527f74c-5e12-4086-9cd3-04fc6d98105a.png,82.3%
2527f74c-5e12-4086-9cd3-04fc6d98105a.png,53.0%
2527f74c-5e12-4086-9cd3-04fc6d98105a.png,9.5%
2527f74c-5e12-4086-9cd3-04fc6d98105a.png,90.5%
2527f74c-5e12-4086-9cd3-04fc6d98105a.png,52.4%
2527f74c-5e12-4086-9cd3-04fc6d98105a.png,21.5%
2527f74c-5e12-4086-9cd3-04fc6d98105a.png,78.5%
2527f74c-5e12-4086-9cd3-04fc6d98105a.png,52.0%
2527f74c-5e12-4086-9cd3-04fc6d98105a.png,14.5%
2527f74c-5e12-4086-9cd3-04fc6d98105a.png,85.5%
2527f74c-5e12-4086-9cd3-04fc6d98105a.png,51.9%
2527f74c-5e12-4086-9cd3-04fc6d98105a.png,17.7%
2527f74c-5e12-4086-9cd3-04fc6d98105a.png,82.3%
2527f74c-5e12-4086-9cd3-04fc6d98105a.png,51.6%
2527f74c-5e12-4086-9cd3-04fc6d98105a.png,25.8%
2527f74c-5e12-4086-9cd3-04fc6d98105a.png,74.2%
2527f74c-5e12-4086-9cd3-04fc6d98105a.png,51.1%
2527f74c-5e12-4086-9cd3-04fc6d98105a.png,17.7%
2527f74c-5e12-4086-9cd3-04fc6d98105a.png,82.3%
26c9c80a-4efd-4c14-a780-08a066106f1c.png,41.8%
26c9c80a-4efd-4c14-a780-08a066106f1c.png,3.5%
26c9c80a-4efd-4c14-a780-08a066106f1c.png,96.5%
26c9c80a-4efd-4c14-a780-08a066106f1c.png,41.8%
26c9c80a-4efd-4c14-a780-08a066106f1c.png,3.1%
26c9c80a-4efd-4c14-a780-08a066106f1c.png,96.9%
26c9c80a-4efd-4c14-a780-08a066106f1c.png,41.7%
26c9c80a-4efd-4c14-a780-08a066106f1c.png,5.5%
26c9c80a-4efd-4c14-a780-08a066106f1c.png,94.5%
26c9c80a-4efd-4c14-a780-08a066106f1c.png,41.1%
26c9c80a-4efd-4c14-a780-08a066106f1c.png,5.8%
26c9c80a-4efd-4c14-a780-08a066106f1c.png,94.2%
26c9c80a-4efd-4c14-a780-08a066106f1c.png,40.2%
26c9c80a-4efd-4c14-a780-08a066106f1c.png,12.8%
26c9c80a-4efd-4c14-a780-08a066106f1c.png,87.2%
26c9c80a-4efd-4c14-a780-08a066106f1c.png,38.9%
26c9c80a-4efd-4c14-a780-08a066106f1c.png,7.5%
26c9c80a-4efd-4c14-a780-08a066106f1c.png,92.5%
26c9c80a-4efd-4c14-a780-08a066106f1c.png,38.0%
26c9c80a-4efd-4c14-a780-08a066106f1c.png,8.2%
26c9c80a-4efd-4c14-a780-08a066106f1c.png,91.8%
26c9c80a-4efd-4c14-a780-08a066106f1c.png,36.5%
26c9c80a-4efd-4c14-a780-08a066106f1c.png,66.7%
26c9c80a-4efd-4c14-a780-08a066106f1c.png,33.3%
26c9c80a-4efd-4c14-a780-08a066106f1c.png,36.0%
26c9c80a-4efd-4c14-a780-08a066106f1c.png,9.8%
26c9c80a-4efd-4c14-a780-08a066106f1c.png,90.2%
26c9c80a-4efd-4c14-a780-08a066106f1c.png,35.6%
26c9c80a-4efd-4c14-a780-08a066106f1c.png,34.6%
26c9c80a-4efd-4c14-a780-08a066106f1c.png,0.0%
26c9c80a-4efd-4c14-a780-08a066106f1c.png,100.0%
29902e11-9805-4987-8813-a6ceb17320f5.png,34.8%
29902e11-9805-4987-8813-a6ceb17320f5.png,18.3%
29902e11-9805-4987-8813-a6ceb17320f5.png,81.7%
29902e11-9805-4987-8813-a6ceb17320f5.png,34.6%
29902e11-9805-4987-8813-a6ceb17320f5.png,12.8%
29902e11-9805-4987-8813-a6ceb17320f5.png,87.2%
29902e11-9805-4987-8813-a6ceb17320f5.png,34.6%
29902e11-9805-4987-8813-a6ceb17320f5.png,15.0%
29902e11-9805-4987-8813-a6ceb17320f5.png,85.0%
29902e11-9805-4987-8813-a6ceb17320f5.png,34.5%
29902e11-9805-4987-8813-a6ceb17320f5.png,15.0%
29902e11-9805-4987-8813-a6ceb17320f5.png,85.0%
29902e11-9805-4987-8813-a6ceb17320f5.png,34.4%
29902e11-9805-4987-8813-a6ceb17320f5.png,21.3%
29902e11-9805-4987-8813-a6ceb17320f5.png,78.7%
29902e11-9805-4987-8813-a6ceb17320f5.png,33.7%
29902e11-9805-4987-8813-a6ceb17320f5.png,5.2%
29902e11-9805-4987-8813-a6ceb17320f5.png,94.8%
29902e11-9805-4987-8813-a6ceb17320f5.png,31.4%
29902e11-9805-4987-8813-a6ceb17320f5.png,6.7%
29902e11-9805-4987-8813-a6ceb17320f5.png,93.3%
29902e11-9805-4987-8813-a6ceb17320f5.png,28.7%
29902e11-9805-4987-8813-a6ceb17320f5.png,0.0%
29902e11-9805-4987-8813-a6ceb17320f5.png,100.0%
29902e11-9805-4987-8813-a6ceb17320f5.png,27.6%
29902e11-9805-4987-8813-a6ceb17320f5.png,26.6%
29902e11-9805-4987-8813-a6ceb17320f5.png,0.0%
29902e11-9805-4987-8813-a6ceb17320f5.png,100.0%
30412570-d685-4ade-81d7-b5559564888c.png,57.1%
30412570-d685-4ade-81d7-b5559564888c.png,0.0%
30412570-d685-4ade-81d7-b5559564888c.png,100.0%
30412570-d685-4ade-81d7-b5559564888c.png,53.5%
30412570-d685-4ade-81d7-b5559564888c.png,18.2%
30412570-d685-4ade-81d7-b5559564888c.png,81.8%
30412570-d685-4ade-81d7-b5559564888c.png,50.0%
30412570-d685-4ade-81d7-b5559564888c.png,0%
30412570-d685-4ade-81d7-b5559564888c.png,49.0%
30412570-d685-4ade-81d7-b5559564888c.png,0.0%
30412570-d685-4ade-81d7-b5559564888c.png,100.0%
30412570-d685-4ade-81d7-b5559564888c.png,48.9%
30412570-d685-4ade-81d7-b5559564888c.png,0.0%
30412570-d685-4ade-81d7-b5559564888c.png,100.0%
30412570-d685-4ade-81d7-b5559564888c.png,44.3%
30412570-d685-4ade-81d7-b5559564888c.png,10.8%
30412570-d685-4ade-81d7-b5559564888c.png,89.2%
30412570-d685-4ade-81d7-b5559564888c.png,42.3%
30412570-d685-4ade-81d7-b5559564888c.png,0.0%
30412570-d685-4ade-81d7-b5559564888c.png,100.0%
30412570-d685-4ade-81d7-b5559564888c.png,42.0%
30412570-d685-4ade-81d7-b5559564888c.png,0%
30412570-d685-4ade-81d7-b5559564888c.png,0%
30412570-d685-4ade-81d7-b5559564888c.png,41.4%
30412570-d685-4ade-81d7-b5559564888c.png,0.0%
30412570-d685-4ade-81d7-b5559564888c.png,100.0%
30412570-d685-4ade-81d7-b5559564888c.png,40.9%
30412570-d685-4ade-81d7-b5559564888c.png,0.0%
30412570-d685-4ade-81d7-b5559564888c.png,100.0%
30412570-d685-4ade-81d7-b5559564888c.png,40.9%
30412570-d685-4ade-81d7-b5559564888c.png,0%
30412570-d685-4ade-81d7-b5559564888c.png,0%
3a51c689-9d8d-45d7-8f05-b052028eefbc.png,57.2%
3a51c689-9d8d-45d7-8f05-b052028eefbc.png,27.6%
3a51c689-9d8d-45d7-8f05-b052028eefbc.png,72.4%
3a51c689-9d8d-45d7-8f05-b052028eefbc.png,57.2%
3a51c689-9d8d-45d7-8f05-b052028eefbc.png,26.2%
3a51c689-9d8d-45d7-8f05-b052028eefbc.png,73.8%
3a51c689-9d8d-45d7-8f05-b052028eefbc.png,56.3%
3a51c689-9d8d-45d7-8f05-b052028eefbc.png,52.3%
3a51c689-9d8d-45d7-8f05-b052028eefbc.png,47.7%
3a51c689-9d8d-45d7-8f05-b052028eefbc.png,56.2%
3a51c689-9d8d-45d7-8f05-b052028eefbc.png,46.7%
3a51c689-9d8d-45d7-8f05-b052028eefbc.png,53.3%
3a51c689-9d8d-45d7-8f05-b052028eefbc.png,55.9%
3a51c689-9d8d-45d7-8f05-b052028eefbc.png,16.7%
3a51c689-9d8d-45d7-8f05-b052028eefbc.png,83.3%
3a51c689-9d8d-45d7-8f05-b052028eefbc.png,55.8%
3a51c689-9d8d-45d7-8f05-b052028eefbc.png,14.0%
3a51c689-9d8d-45d7-8f05-b052028eefbc.png,86.0%
3a51c689-9d8d-45d7-8f05-b052028eefbc.png,55.6%
3a51c689-9d8d-45d7-8f05-b052028eefbc.png,25.2%
3a51c689-9d8d-45d7-8f05-b052028eefbc.png,74.8%
3a51c689-9d8d-45d7-8f05-b052028eefbc.png,55.5%
3a51c689-9d8d-45d7-8f05-b052028eefbc.png,13.7%
3a51c689-9d8d-45d7-8f05-b052028eefbc.png,86.3%
3a51c689-9d8d-45d7-8f05-b052028eefbc.png,55.2%
3a51c689-9d8d-45d7-8f05-b052028eefbc.png,19.0%
3a51c689-9d8d-45d7-8f05-b052028eefbc.png,81.0%
3a51c689-9d8d-45d7-8f05-b052028eefbc.png,54.8%
3a51c689-9d8d-45d7-8f05-b052028eefbc.png,22.6%
3a51c689-9d8d-45d7-8f05-b052028eefbc.png,77.4%
3a51c689-9d8d-45d7-8f05-b052028eefbc.png,54.8%
3a51c689-9d8d-45d7-8f05-b052028eefbc.png,18.7%
3a51c689-9d8d-45d7-8f05-b052028eefbc.png,81.3%
40f57289-c6c5-4cdb-950e-f31ccff80e16.png,81.6%
40f57289-c6c5-4cdb-950e-f31ccff80e16.png,80.2%
40f57289-c6c5-4cdb-950e-f31ccff80e16.png,79.8%
40f57289-c6c5-4cdb-950e-f31ccff80e16.png,76.7%
40f57289-c6c5-4cdb-950e-f31ccff80e16.png,75.6%
40f57289-c6c5-4cdb-950e-f31ccff80e16.png,73.4%
40f57289-c6c5-4cdb-950e-f31ccff80e16.png,0%
40f57289-c6c5-4cdb-950e-f31ccff80e16.png,70.3%
40f57289-c6c5-4cdb-950e-f31ccff80e16.png,0%
40f57289-c6c5-4cdb-950e-f31ccff80e16.png,67.7%
40f57289-c6c5-4cdb-950e-f31ccff80e16.png,0%
40f57289-c6c5-4cdb-950e-f31ccff80e16.png,67.5%
40f57289-c6c5-4cdb-950e-f31ccff80e16.png,0%
40f57289-c6c5-4cdb-950e-f31ccff80e16.png,67.4%
40f57289-c6c5-4cdb-950e-f31ccff80e16.png,0%
40f57289-c6c5-4cdb-950e-f31ccff80e16.png,63.6%
45387879-3481-4cb0-92bb-0a79b1f31083.png,42.8%
45387879-3481-4cb0-92bb-0a79b1f31083.png,7.9%
45387879-3481-4cb0-92bb-0a79b1f31083.png,92.1%
45387879-3481-4cb0-92bb-0a79b1f31083.png,42.6%
45387879-3481-4cb0-92bb-0a79b1f31083.png,15.9%
45387879-3481-4cb0-92bb-0a79b1f31083.png,84.1%
45387879-3481-4cb0-92bb-0a79b1f31083.png,42.6%
45387879-3481-4cb0-92bb-0a79b1f31083.png,5.4%
45387879-3481-4cb0-92bb-0a79b1f31083.png,94.6%
45387879-3481-4cb0-92bb-0a79b1f31083.png,41.5%
45387879-3481-4cb0-92bb-0a79b1f31083.png,17.3%
45387879-3481-4cb0-92bb-0a79b1f31083.png,82.7%
45387879-3481-4cb0-92bb-0a79b1f31083.png,40.5%
45387879-3481-4cb0-92bb-0a79b1f31083.png,13.5%
45387879-3481-4cb0-92bb-0a79b1f31083.png,86.5%
45387879-3481-4cb0-92bb-0a79b1f31083.png,39.6%
45387879-3481-4cb0-92bb-0a79b1f31083.png,14.0%
45387879-3481-4cb0-92bb-0a79b1f31083.png,86.0%
45387879-3481-4cb0-92bb-0a79b1f31083.png,38.8%
45387879-3481-4cb0-92bb-0a79b1f31083.png,23.6%
45387879-3481-4cb0-92bb-0a79b1f31083.png,76.4%
45387879-3481-4cb0-92bb-0a79b1f31083.png,38.7%
45387879-3481-4cb0-92bb-0a79b1f31083.png,6.4%
45387879-3481-4cb0-92bb-0a79b1f31083.png,93.6%
45387879-3481-4cb0-92bb-0a79b1f31083.png,38.7%
45387879-3481-4cb0-92bb-0a79b1f31083.png,16.1%
45387879-3481-4cb0-92bb-0a79b1f31083.png,83.9%
45387879-3481-4cb0-92bb-0a79b1f31083.png,38.6%
45387879-3481-4cb0-92bb-0a79b1f31083.png,9.7%
45387879-3481-4cb0-92bb-0a79b1f31083.png,90.3%
45387879-3481-4cb0-92bb-0a79b1f31083.png,38.2%
45387879-3481-4cb0-92bb-0a79b1f31083.png,18.7%
45387879-3481-4cb0-92bb-0a79b1f31083.png,81.3%
4bbda12a-ea27-42ce-9a3b-36445e660b06.png,47.8%
4bbda12a-ea27-42ce-9a3b-36445e660b06.png,23.8%
4bbda12a-ea27-42ce-9a3b-36445e660b06.png,76.2%
4bbda12a-ea27-42ce-9a3b-36445e660b06.png,47.4%
4bbda12a-ea27-42ce-9a3b-36445e660b06.png,7.2%
4bbda12a-ea27-42ce-9a3b-36445e660b06.png,92.8%
4bbda12a-ea27-42ce-9a3b-36445e660b06.png,46.9%
4bbda12a-ea27-42ce-9a3b-36445e660b06.png,34.5%
4bbda12a-ea27-42ce-9a3b-36445e660b06.png,65.5%
4bbda12a-ea27-42ce-9a3b-36445e660b06.png,46.1%
4bbda12a-ea27-42ce-9a3b-36445e660b06.png,31.2%
4bbda12a-ea27-42ce-9a3b-36445e660b06.png,68.8%
4bbda12a-ea27-42ce-9a3b-36445e660b06.png,46.0%
4bbda12a-ea27-42ce-9a3b-36445e660b06.png,21.7%
4bbda12a-ea27-42ce-9a3b-36445e660b06.png,78.3%
4bbda12a-ea27-42ce-9a3b-36445e660b06.png,45.6%
4bbda12a-ea27-42ce-9a3b-36445e660b06.png,32.6%
4bbda12a-ea27-42ce-9a3b-36445e660b06.png,67.4%
4bbda12a-ea27-42ce-9a3b-36445e660b06.png,44.9%
4bbda12a-ea27-42ce-9a3b-36445e660b06.png,29.0%
4bbda12a-ea27-42ce-9a3b-36445e660b06.png,71.0%
4bbda12a-ea27-42ce-9a3b-36445e660b06.png,44.2%
4bbda12a-ea27-42ce-9a3b-36445e660b06.png,4.9%
4bbda12a-ea27-42ce-9a3b-36445e660b06.png,95.1%
4bbda12a-ea27-42ce-9a3b-36445e660b06.png,44.2%
4bbda12a-ea27-42ce-9a3b-36445e660b06.png,8.1%
4bbda12a-ea27-42ce-9a3b-36445e660b06.png,91.9%
4bbda12a-ea27-42ce-9a3b-36445e660b06.png,44.1%
4bbda12a-ea27-42ce-9a3b-36445e660b06.png,31.3%
4bbda12a-ea27-42ce-9a3b-36445e660b06.png,68.7%
4bbda12a-ea27-42ce-9a3b-36445e660b06.png,43.5%
4bbda12a-ea27-42ce-9a3b-36445e660b06.png,13.5%
4bbda12a-ea27-42ce-9a3b-36445e660b06.png,86.5%
508ee8b4-6925-4dc0-98e9-c0ffc169f49d.png,50.8%
508ee8b4-6925-4dc0-98e9-c0ffc169f49d.png,18.1%
508ee8b4-6925-4dc0-98e9-c0ffc169f49d.png,81.9%
508ee8b4-6925-4dc0-98e9-c0ffc169f49d.png,50.6%
508ee8b4-6925-4dc0-98e9-c0ffc169f49d.png,15.3%
508ee8b4-6925-4dc0-98e9-c0ffc169f49d.png,84.7%
508ee8b4-6925-4dc0-98e9-c0ffc169f49d.png,50.4%
508ee8b4-6925-4dc0-98e9-c0ffc169f49d.png,14.3%
508ee8b4-6925-4dc0-98e9-c0ffc169f49d.png,85.7%
508ee8b4-6925-4dc0-98e9-c0ffc169f49d.png,50.4%
508ee8b4-6925-4dc0-98e9-c0ffc169f49d.png,20.4%
508ee8b4-6925-4dc0-98e9-c0ffc169f49d.png,79.6%
508ee8b4-6925-4dc0-98e9-c0ffc169f49d.png,49.6%
508ee8b4-6925-4dc0-98e9-c0ffc169f49d.png,14.0%
508ee8b4-6925-4dc0-98e9-c0ffc169f49d.png,86.0%
508ee8b4-6925-4dc0-98e9-c0ffc169f49d.png,49.1%
508ee8b4-6925-4dc0-98e9-c0ffc169f49d.png,15.6%
508ee8b4-6925-4dc0-98e9-c0ffc169f49d.png,84.4%
508ee8b4-6925-4dc0-98e9-c0ffc169f49d.png,48.8%
508ee8b4-6925-4dc0-98e9-c0ffc169f49d.png,28.9%
508ee8b4-6925-4dc0-98e9-c0ffc169f49d.png,71.1%
508ee8b4-6925-4dc0-98e9-c0ffc169f49d.png,48.8%
508ee8b4-6925-4dc0-98e9-c0ffc169f49d.png,9.5%
508ee8b4-6925-4dc0-98e9-c0ffc169f49d.png,90.5%
508ee8b4-6925-4dc0-98e9-c0ffc169f49d.png,48.3%
508ee8b4-6925-4dc0-98e9-c0ffc169f49d.png,13.7%
508ee8b4-6925-4dc0-98e9-c0ffc169f49d.png,86.3%
508ee8b4-6925-4dc0-98e9-c0ffc169f49d.png,48.1%
508ee8b4-6925-4dc0-98e9-c0ffc169f49d.png,18.0%
508ee8b4-6925-4dc0-98e9-c0ffc169f49d.png,82.0%
508ee8b4-6925-4dc0-98e9-c0ffc169f49d.png,48.0%
508ee8b4-6925-4dc0-98e9-c0ffc169f49d.png,16.2%
508ee8b4-6925-4dc0-98e9-c0ffc169f49d.png,83.8%
51d08093-6d32-4460-9208-4957bc3eeaa6.png,42.9%
51d08093-6d32-4460-9208-4957bc3eeaa6.png,16.8%
51d08093-6d32-4460-9208-4957bc3eeaa6.png,83.2%
51d08093-6d32-4460-9208-4957bc3eeaa6.png,42.9%
51d08093-6d32-4460-9208-4957bc3eeaa6.png,16.1%
51d08093-6d32-4460-9208-4957bc3eeaa6.png,83.9%
51d08093-6d32-4460-9208-4957bc3eeaa6.png,42.1%
51d08093-6d32-4460-9208-4957bc3eeaa6.png,21.3%
51d08093-6d32-4460-9208-4957bc3eeaa6.png,78.7%
51d08093-6d32-4460-9208-4957bc3eeaa6.png,42.0%
51d08093-6d32-4460-9208-4957bc3eeaa6.png,14.2%
51d08093-6d32-4460-9208-4957bc3eeaa6.png,85.8%
51d08093-6d32-4460-9208-4957bc3eeaa6.png,42.0%
51d08093-6d32-4460-9208-4957bc3eeaa6.png,12.8%
51d08093-6d32-4460-9208-4957bc3eeaa6.png,87.2%
51d08093-6d32-4460-9208-4957bc3eeaa6.png,41.7%
51d08093-6d32-4460-9208-4957bc3eeaa6.png,20.6%
51d08093-6d32-4460-9208-4957bc3eeaa6.png,79.4%
51d08093-6d32-4460-9208-4957bc3eeaa6.png,41.7%
51d08093-6d32-4460-9208-4957bc3eeaa6.png,17.1%
51d08093-6d32-4460-9208-4957bc3eeaa6.png,82.9%
51d08093-6d32-4460-9208-4957bc3eeaa6.png,41.5%
51d08093-6d32-4460-9208-4957bc3eeaa6.png,7.3%
51d08093-6d32-4460-9208-4957bc3eeaa6.png,92.7%
51d08093-6d32-4460-9208-4957bc3eeaa6.png,41.2%
51d08093-6d32-4460-9208-4957bc3eeaa6.png,31.1%
51d08093-6d32-4460-9208-4957bc3eeaa6.png,68.9%
51d08093-6d32-4460-9208-4957bc3eeaa6.png,40.4%
51d08093-6d32-4460-9208-4957bc3eeaa6.png,7.6%
51d08093-6d32-4460-9208-4957bc3eeaa6.png,92.4%
51d08093-6d32-4460-9208-4957bc3eeaa6.png,40.3%
51d08093-6d32-4460-9208-4957bc3eeaa6.png,21.0%
51d08093-6d32-4460-9208-4957bc3eeaa6.png,79.0%
57fd5e24-03e3-430c-afcd-73117f85b5e3.png,56.0%
57fd5e24-03e3-430c-afcd-73117f85b5e3.png,27.6%
57fd5e24-03e3-430c-afcd-73117f85b5e3.png,72.4%
57fd5e24-03e3-430c-afcd-73117f85b5e3.png,55.9%
57fd5e24-03e3-430c-afcd-73117f85b5e3.png,8.7%
57fd5e24-03e3-430c-afcd-73117f85b5e3.png,91.3%
57fd5e24-03e3-430c-afcd-73117f85b5e3.png,55.3%
57fd5e24-03e3-430c-afcd-73117f85b5e3.png,18.2%
57fd5e24-03e3-430c-afcd-73117f85b5e3.png,81.8%
57fd5e24-03e3-430c-afcd-73117f85b5e3.png,54.5%
57fd5e24-03e3-430c-afcd-73117f85b5e3.png,19.1%
57fd5e24-03e3-430c-afcd-73117f85b5e3.png,80.9%
57fd5e24-03e3-430c-afcd-73117f85b5e3.png,54.4%
57fd5e24-03e3-430c-afcd-73117f85b5e3.png,48.9%
57fd5e24-03e3-430c-afcd-73117f85b5e3.png,51.1%
57fd5e24-03e3-430c-afcd-73117f85b5e3.png,54.3%
57fd5e24-03e3-430c-afcd-73117f85b5e3.png,35.1%
57fd5e24-03e3-430c-afcd-73117f85b5e3.png,64.9%
57fd5e24-03e3-430c-afcd-73117f85b5e3.png,53.3%
57fd5e24-03e3-430c-afcd-73117f85b5e3.png,9.3%
57fd5e24-03e3-430c-afcd-73117f85b5e3.png,90.7%
57fd5e24-03e3-430c-afcd-73117f85b5e3.png,52.6%
57fd5e24-03e3-430c-afcd-73117f85b5e3.png,30.9%
57fd5e24-03e3-430c-afcd-73117f85b5e3.png,69.1%
57fd5e24-03e3-430c-afcd-73117f85b5e3.png,52.3%
57fd5e24-03e3-430c-afcd-73117f85b5e3.png,27.5%
57fd5e24-03e3-430c-afcd-73117f85b5e3.png,72.5%
57fd5e24-03e3-430c-afcd-73117f85b5e3.png,52.2%
57fd5e24-03e3-430c-afcd-73117f85b5e3.png,36.0%
57fd5e24-03e3-430c-afcd-73117f85b5e3.png,64.0%
57fd5e24-03e3-430c-afcd-73117f85b5e3.png,52.2%
57fd5e24-03e3-430c-afcd-73117f85b5e3.png,25.3%
57fd5e24-03e3-430c-afcd-73117f85b5e3.png,74.7 %
59ccb7b0-7bcb-4557-8c71-5e5b78244768.png,40.1%
59ccb7b0-7bcb-4557-8c71-5e5b78244768.png,20.3%
59ccb7b0-7bcb-4557-8c71-5e5b78244768.png,79.7%
59ccb7b0-7bcb-4557-8c71-5e5b78244768.png,39.9%
59ccb7b0-7bcb-4557-8c71-5e5b78244768.png,18.1%
59ccb7b0-7bcb-4557-8c71-5e5b78244768.png,81.9%
59ccb7b0-7bcb-4557-8c71-5e5b78244768.png,39.4%
59ccb7b0-7bcb-4557-8c71-5e5b78244768.png,14.0%
59ccb7b0-7bcb-4557-8c71-5e5b78244768.png,86.0%
59ccb7b0-7bcb-4557-8c71-5e5b78244768.png,38.8%
59ccb7b0-7bcb-4557-8c71-5e5b78244768.png,20.4%
59ccb7b0-7bcb-4557-8c71-5e5b78244768.png,79.6%
59ccb7b0-7bcb-4557-8c71-5e5b78244768.png,38.8%
59ccb7b0-7bcb-4557-8c71-5e5b78244768.png,9.8%
59ccb7b0-7bcb-4557-8c71-5e5b78244768.png,90.2%
59ccb7b0-7bcb-4557-8c71-5e5b78244768.png,38.6%
59ccb7b0-7bcb-4557-8c71-5e5b78244768.png,16.8%
59ccb7b0-7bcb-4557-8c71-5e5b78244768.png,83.2%
59ccb7b0-7bcb-4557-8c71-5e5b78244768.png,38.1%
59ccb7b0-7bcb-4557-8c71-5e5b78244768.png,13.0%
59ccb7b0-7bcb-4557-8c71-5e5b78244768.png,87.0%
59ccb7b0-7bcb-4557-8c71-5e5b78244768.png,37.1%
59ccb7b0-7bcb-4557-8c71-5e5b78244768.png,12.5%
59ccb7b0-7bcb-4557-8c71-5e5b78244768.png,87.5%
59ccb7b0-7bcb-4557-8c71-5e5b78244768.png,36.7%
59ccb7b0-7bcb-4557-8c71-5e5b78244768.png,29.6%
59ccb7b0-7bcb-4557-8c71-5e5b78244768.png,70.4%
59ccb7b0-7bcb-4557-8c71-5e5b78244768.png,35.8%
59ccb7b0-7bcb-4557-8c71-5e5b78244768.png,8.9%
59ccb7b0-7bcb-4557-8c71-5e5b78244768.png,91.1%
59ccb7b0-7bcb-4557-8c71-5e5b78244768.png,34.8%
59ccb7b0-7bcb-4557-8c71-5e5b78244768.png,18.3%
59ccb7b0-7bcb-4557-8c71-5e5b78244768.png,81.7%
59f7e939-a934-4a4f-bd83-a000594eae7a.png,54.4%
59f7e939-a934-4a4f-bd83-a000594eae7a.png,17.1%
59f7e939-a934-4a4f-bd83-a000594eae7a.png,82.9%
59f7e939-a934-4a4f-bd83-a000594eae7a.png,54.3%
59f7e939-a934-4a4f-bd83-a000594eae7a.png,54.1%
59f7e939-a934-4a4f-bd83-a000594eae7a.png,11.9%
59f7e939-a934-4a4f-bd83-a000594eae7a.png,88.1%
59f7e939-a934-4a4f-bd83-a000594eae7a.png,53.6%
59f7e939-a934-4a4f-bd83-a000594eae7a.png,42.6%
59f7e939-a934-4a4f-bd83-a000594eae7a.png,57.4%
59f7e939-a934-4a4f-bd83-a000594eae7a.png,53.4%
59f7e939-a934-4a4f-bd83-a000594eae7a.png,28.2%
59f7e939-a934-4a4f-bd83-a000594eae7a.png,71.8%
59f7e939-a934-4a4f-bd83-a000594eae7a.png,53.2%
59f7e939-a934-4a4f-bd83-a000594eae7a.png,29.9%
59f7e939-a934-4a4f-bd83-a000594eae7a.png,70.1%
59f7e939-a934-4a4f-bd83-a000594eae7a.png,53.1%
59f7e939-a934-4a4f-bd83-a000594eae7a.png,11.1%
59f7e939-a934-4a4f-bd83-a000594eae7a.png,88.9%
59f7e939-a934-4a4f-bd83-a000594eae7a.png,53.1%
59f7e939-a934-4a4f-bd83-a000594eae7a.png,29.1%
59f7e939-a934-4a4f-bd83-a000594eae7a.png,70.9%
59f7e939-a934-4a4f-bd83-a000594eae7a.png,53.1%
59f7e939-a934-4a4f-bd83-a000594eae7a.png,13.4%
59f7e939-a934-4a4f-bd83-a000594eae7a.png,86.6%
59f7e939-a934-4a4f-bd83-a000594eae7a.png,53.1%
59f7e939-a934-4a4f-bd83-a000594eae7a.png,7.1%
59f7e939-a934-4a4f-bd83-a000594eae7a.png,92.9%
59f7e939-a934-4a4f-bd83-a000594eae7a.png,52.7%
59f7e939-a934-4a4f-bd83-a000594eae7a.png,33.3%
59f7e939-a934-4a4f-bd83-a000594eae7a.png,66.7%
5a35f90d-abfa-4493-8eaa-3128cf44ec38.png,52.1%
5a35f90d-abfa-4493-8eaa-3128cf44ec38.png,27.8%
5a35f90d-abfa-4493-8eaa-3128cf44ec38.png,72.2%
5a35f90d-abfa-4493-8eaa-3128cf44ec38.png,52.1%
5a35f90d-abfa-4493-8eaa-3128cf44ec38.png,23.5%
5a35f90d-abfa-4493-8eaa-3128cf44ec38.png,76.5%
5a35f90d-abfa-4493-8eaa-3128cf44ec38.png,51.9%
5a35f90d-abfa-4493-8eaa-3128cf44ec38.png,16.4%
5a35f90d-abfa-4493-8eaa-3128cf44ec38.png,83.6%
5a35f90d-abfa-4493-8eaa-3128cf44ec38.png,51.8%
5a35f90d-abfa-4493-8eaa-3128cf44ec38.png,29.1%
5a35f90d-abfa-4493-8eaa-3128cf44ec38.png,70.9%
5a35f90d-abfa-4493-8eaa-3128cf44ec38.png,51.8%
5a35f90d-abfa-4493-8eaa-3128cf44ec38.png,14.1%
5a35f90d-abfa-4493-8eaa-3128cf44ec38.png,85.9%
5a35f90d-abfa-4493-8eaa-3128cf44ec38.png,51.8%
5a35f90d-abfa-4493-8eaa-3128cf44ec38.png,35.3%
5a35f90d-abfa-4493-8eaa-3128cf44ec38.png,64.7%
5a35f90d-abfa-4493-8eaa-3128cf44ec38.png,51.7%
5a35f90d-abfa-4493-8eaa-3128cf44ec38.png,23.4%
5a35f90d-abfa-4493-8eaa-3128cf44ec38.png,76.6%
5a35f90d-abfa-4493-8eaa-3128cf44ec38.png,51.5%
5a35f90d-abfa-4493-8eaa-3128cf44ec38.png,7.9%
5a35f90d-abfa-4493-8eaa-3128cf44ec38.png,92.1%
5a35f90d-abfa-4493-8eaa-3128cf44ec38.png,51.2%
5a35f90d-abfa-4493-8eaa-3128cf44ec38.png,13.7%
5a35f90d-abfa-4493-8eaa-3128cf44ec38.png,86.3%
5a35f90d-abfa-4493-8eaa-3128cf44ec38.png,51.1%
5a35f90d-abfa-4493-8eaa-3128cf44ec38.png,24.0%
5a35f90d-abfa-4493-8eaa-3128cf44ec38.png,76.0%
5a35f90d-abfa-4493-8eaa-3128cf44ec38.png,50.6%
5a35f90d-abfa-4493-8eaa-3128cf44ec38.png,20.8%
5a35f90d-abfa-4493-8eaa-3128cf44ec38.png,79.2%
5ac76eff-2aac-4697-b9c9-c97e9a07e91e.png,82.6%
5ac76eff-2aac-4697-b9c9-c97e9a07e91e.png,1.0%
5ac76eff-2aac-4697-b9c9-c97e9a07e91e.png,99.0%
5ac76eff-2aac-4697-b9c9-c97e9a07e91e.png,79.6%
5ac76eff-2aac-4697-b9c9-c97e9a07e91e.png,0.2%
5ac76eff-2aac-4697-b9c9-c97e9a07e91e.png,99.8%
5ac76eff-2aac-4697-b9c9-c97e9a07e91e.png,77.0%
5ac76eff-2aac-4697-b9c9-c97e9a07e91e.png,3.8%
5ac76eff-2aac-4697-b9c9-c97e9a07e91e.png,96.2%
5ac76eff-2aac-4697-b9c9-c97e9a07e91e.png,74.6%
5ac76eff-2aac-4697-b9c9-c97e9a07e91e.png,0.2%
5ac76eff-2aac-4697-b9c9-c97e9a07e91e.png,99.8%
5ac76eff-2aac-4697-b9c9-c97e9a07e91e.png,74.0%
5ac76eff-2aac-4697-b9c9-c97e9a07e91e.png,1.0%
5ac76eff-2aac-4697-b9c9-c97e9a07e91e.png,99.0%
5ac76eff-2aac-4697-b9c9-c97e9a07e91e.png,73.6%
5ac76eff-2aac-4697-b9c9-c97e9a07e91e.png,1.3%
5ac76eff-2aac-4697-b9c9-c97e9a07e91e.png,98.7%
5ac76eff-2aac-4697-b9c9-c97e9a07e91e.png,72.0%
5ac76eff-2aac-4697-b9c9-c97e9a07e91e.png,0.1%
5ac76eff-2aac-4697-b9c9-c97e9a07e91e.png,99.9%
5ac76eff-2aac-4697-b9c9-c97e9a07e91e.png,71.2%
5ac76eff-2aac-4697-b9c9-c97e9a07e91e.png,0.4%
5ac76eff-2aac-4697-b9c9-c97e9a07e91e.png,99.6%
5ac76eff-2aac-4697-b9c9-c97e9a07e91e.png,70.7%
5ac76eff-2aac-4697-b9c9-c97e9a07e91e.png,0.7%
5ac76eff-2aac-4697-b9c9-c97e9a07e91e.png,99.3%
5ac76eff-2aac-4697-b9c9-c97e9a07e91e.png,70.7%
5ac76eff-2aac-4697-b9c9-c97e9a07e91e.png,0.1%
5ac76eff-2aac-4697-b9c9-c97e9a07e91e.png,99.9%
5ac76eff-2aac-4697-b9c9-c97e9a07e91e.png,70.6%
5ac76eff-2aac-4697-b9c9-c97e9a07e91e.png,0.1%
5ac76eff-2aac-4697-b9c9-c97e9a07e91e.png,99.9%
627001a9-7d3d-4a53-b76c-077c768449f0.png,48.0%
627001a9-7d3d-4a53-b76c-077c768449f0.png,6.9%
627001a9-7d3d-4a53-b76c-077c768449f0.png,93.1%
627001a9-7d3d-4a53-b76c-077c768449f0.png,48.0%
627001a9-7d3d-4a53-b76c-077c768449f0.png,21.3%
627001a9-7d3d-4a53-b76c-077c768449f0.png,78.7%
627001a9-7d3d-4a53-b76c-077c768449f0.png,47.6%
627001a9-7d3d-4a53-b76c-077c768449f0.png,19.0%
627001a9-7d3d-4a53-b76c-077c768449f0.png,81.0%
627001a9-7d3d-4a53-b76c-077c768449f0.png,46.6%
627001a9-7d3d-4a53-b76c-077c768449f0.png,10.2%
627001a9-7d3d-4a53-b76c-077c768449f0.png,89.8%
627001a9-7d3d-4a53-b76c-077c768449f0.png,45.9%
627001a9-7d3d-4a53-b76c-077c768449f0.png,7.2%
627001a9-7d3d-4a53-b76c-077c768449f0.png,92.8%
627001a9-7d3d-4a53-b76c-077c768449f0.png,45.8%
627001a9-7d3d-4a53-b76c-077c768449f0.png,16.1%
627001a9-7d3d-4a53-b76c-077c768449f0.png,45.3%
627001a9-7d3d-4a53-b76c-077c768449f0.png,14.5%
627001a9-7d3d-4a53-b76c-077c768449f0.png,85.5%
627001a9-7d3d-4a53-b76c-077c768449f0.png,43.6%
627001a9-7d3d-4a53-b76c-077c768449f0.png,7.4 %
627001a9-7d3d-4a53-b76c-077c768449f0.png,92.6%
627001a9-7d3d-4a53-b76c-077c768449f0.png,43.4%
627001a9-7d3d-4a53-b76c-077c768449f0.png,8.4%
627001a9-7d3d-4a53-b76c-077c768449f0.png,91.6%
627001a9-7d3d-4a53-b76c-077c768449f0.png,43.0%
627001a9-7d3d-4a53-b76c-077c768449f0.png,3.4%
627001a9-7d3d-4a53-b76c-077c768449f0.png,96.6%
627001a9-7d3d-4a53-b76c-077c768449f0.png,42.4%
627001a9-7d3d-4a53-b76c-077c768449f0.png,10.2%
627001a9-7d3d-4a53-b76c-077c768449f0.png,89.8%
6279023f-4f51-493f-bee5-cc7ff2dac8a6.png,20.0%
6279023f-4f51-493f-bee5-cc7ff2dac8a6.png,0%
6279023f-4f51-493f-bee5-cc7ff2dac8a6.png,0%
6279023f-4f51-493f-bee5-cc7ff2dac8a6.png,16.7%
6279023f-4f51-493f-bee5-cc7ff2dac8a6.png,0%
6279023f-4f51-493f-bee5-cc7ff2dac8a6.png,15.1%
6279023f-4f51-493f-bee5-cc7ff2dac8a6.png,0%
6279023f-4f51-493f-bee5-cc7ff2dac8a6.png,13.6%
6279023f-4f51-493f-bee5-cc7ff2dac8a6.png,0%
6279023f-4f51-493f-bee5-cc7ff2dac8a6.png,2.3%
6279023f-4f51-493f-bee5-cc7ff2dac8a6.png,92.2%
6279023f-4f51-493f-bee5-cc7ff2dac8a6.png,7.8%
6279023f-4f51-493f-bee5-cc7ff2dac8a6.png,0.9%
6279023f-4f51-493f-bee5-cc7ff2dac8a6.png,0%
6279023f-4f51-493f-bee5-cc7ff2dac8a6.png,0.7%
6279023f-4f51-493f-bee5-cc7ff2dac8a6.png,0.3%
6279023f-4f51-493f-bee5-cc7ff2dac8a6.png,0%
6279023f-4f51-493f-bee5-cc7ff2dac8a6.png,0.0%
6279023f-4f51-493f-bee5-cc7ff2dac8a6.png,0%
6279023f-4f51-493f-bee5-cc7ff2dac8a6.png,0.0%
6279023f-4f51-493f-bee5-cc7ff2dac8a6.png,0%
6279023f-4f51-493f-bee5-cc7ff2dac8a6.png,0.0%
665195bd-cfb7-4d7c-86ee-f70262e76f49.png,63.0%
665195bd-cfb7-4d7c-86ee-f70262e76f49.png,3.8%
665195bd-cfb7-4d7c-86ee-f70262e76f49.png,96.2%
665195bd-cfb7-4d7c-86ee-f70262e76f49.png,62.9%
665195bd-cfb7-4d7c-86ee-f70262e76f49.png,0.4%
665195bd-cfb7-4d7c-86ee-f70262e76f49.png,99.6%
665195bd-cfb7-4d7c-86ee-f70262e76f49.png,62.5%
665195bd-cfb7-4d7c-86ee-f70262e76f49.png,0.3%
665195bd-cfb7-4d7c-86ee-f70262e76f49.png,99.7%
665195bd-cfb7-4d7c-86ee-f70262e76f49.png,61.6%
665195bd-cfb7-4d7c-86ee-f70262e76f49.png,0.5%
665195bd-cfb7-4d7c-86ee-f70262e76f49.png,99.5%
665195bd-cfb7-4d7c-86ee-f70262e76f49.png,61.3%
665195bd-cfb7-4d7c-86ee-f70262e76f49.png,2.2%
665195bd-cfb7-4d7c-86ee-f70262e76f49.png,97.8%
665195bd-cfb7-4d7c-86ee-f70262e76f49.png,60.7%
665195bd-cfb7-4d7c-86ee-f70262e76f49.png,11.2%
665195bd-cfb7-4d7c-86ee-f70262e76f49.png,88.8%
665195bd-cfb7-4d7c-86ee-f70262e76f49.png,60.2%
665195bd-cfb7-4d7c-86ee-f70262e76f49.png,3.0%
665195bd-cfb7-4d7c-86ee-f70262e76f49.png,97.0%
665195bd-cfb7-4d7c-86ee-f70262e76f49.png,60.0%
665195bd-cfb7-4d7c-86ee-f70262e76f49.png,1.3%
665195bd-cfb7-4d7c-86ee-f70262e76f49.png,98.7%
665195bd-cfb7-4d7c-86ee-f70262e76f49.png,59.9%
665195bd-cfb7-4d7c-86ee-f70262e76f49.png,2.1%
665195bd-cfb7-4d7c-86ee-f70262e76f49.png,97.9%
665195bd-cfb7-4d7c-86ee-f70262e76f49.png,59.6%
665195bd-cfb7-4d7c-86ee-f70262e76f49.png,0.3%
665195bd-cfb7-4d7c-86ee-f70262e76f49.png,99.7%
665195bd-cfb7-4d7c-86ee-f70262e76f49.png,59.6%
665195bd-cfb7-4d7c-86ee-f70262e76f49.png,4.3%
665195bd-cfb7-4d7c-86ee-f70262e76f49.png,95.7%
682b643d-1388-4b7a-8dd8-db13bee5f3f1.png,66.5%
682b643d-1388-4b7a-8dd8-db13bee5f3f1.png,30.9%
682b643d-1388-4b7a-8dd8-db13bee5f3f1.png,69.1%
682b643d-1388-4b7a-8dd8-db13bee5f3f1.png,66.1%
682b643d-1388-4b7a-8dd8-db13bee5f3f1.png,48.1%
682b643d-1388-4b7a-8dd8-db13bee5f3f1.png,51.9%
682b643d-1388-4b7a-8dd8-db13bee5f3f1.png,65.5%
682b643d-1388-4b7a-8dd8-db13bee5f3f1.png,51.6%
682b643d-1388-4b7a-8dd8-db13bee5f3f1.png,48.4%
682b643d-1388-4b7a-8dd8-db13bee5f3f1.png,63.3%
682b643d-1388-4b7a-8dd8-db13bee5f3f1.png,34.8%
682b643d-1388-4b7a-8dd8-db13bee5f3f1.png,65.2%
682b643d-1388-4b7a-8dd8-db13bee5f3f1.png,62.4%
682b643d-1388-4b7a-8dd8-db13bee5f3f1.png,13.0%
682b643d-1388-4b7a-8dd8-db13bee5f3f1.png,87.0%
682b643d-1388-4b7a-8dd8-db13bee5f3f1.png,62.1%
682b643d-1388-4b7a-8dd8-db13bee5f3f1.png,34.2%
682b643d-1388-4b7a-8dd8-db13bee5f3f1.png,65.8%
682b643d-1388-4b7a-8dd8-db13bee5f3f1.png,62.1%
682b643d-1388-4b7a-8dd8-db13bee5f3f1.png,50.1%
682b643d-1388-4b7a-8dd8-db13bee5f3f1.png,49.9%
682b643d-1388-4b7a-8dd8-db13bee5f3f1.png,61.9%
682b643d-1388-4b7a-8dd8-db13bee5f3f1.png,28.1%
682b643d-1388-4b7a-8dd8-db13bee5f3f1.png,71.9%
682b643d-1388-4b7a-8dd8-db13bee5f3f1.png,61.9%
682b643d-1388-4b7a-8dd8-db13bee5f3f1.png,25.2%
682b643d-1388-4b7a-8dd8-db13bee5f3f1.png,74.8%
682b643d-1388-4b7a-8dd8-db13bee5f3f1.png,61.9%
682b643d-1388-4b7a-8dd8-db13bee5f3f1.png,20.8%
682b643d-1388-4b7a-8dd8-db13bee5f3f1.png,79.2%
682b643d-1388-4b7a-8dd8-db13bee5f3f1.png,61.7%
682b643d-1388-4b7a-8dd8-db13bee5f3f1.png,10.9%
682b643d-1388-4b7a-8dd8-db13bee5f3f1.png,89.1%
77751a50-551f-4e9a-8626-702656f79fa4.png,29.5%
77751a50-551f-4e9a-8626-702656f79fa4.png,0.0%
77751a50-551f-4e9a-8626-702656f79fa4.png,100.0%
7c270cbe-12d0-4de6-a86b-6569b4ac285c.png,84.2%
7c270cbe-12d0-4de6-a86b-6569b4ac285c.png,83.9%
7c270cbe-12d0-4de6-a86b-6569b4ac285c.png,81.5%
7c270cbe-12d0-4de6-a86b-6569b4ac285c.png,75.4%
7c270cbe-12d0-4de6-a86b-6569b4ac285c.png,0%
7c270cbe-12d0-4de6-a86b-6569b4ac285c.png,74.0%
7c270cbe-12d0-4de6-a86b-6569b4ac285c.png,0%
7c270cbe-12d0-4de6-a86b-6569b4ac285c.png,71.0%
7c270cbe-12d0-4de6-a86b-6569b4ac285c.png,71.0%
7c270cbe-12d0-4de6-a86b-6569b4ac285c.png,0%
7c270cbe-12d0-4de6-a86b-6569b4ac285c.png,69.2%
7c270cbe-12d0-4de6-a86b-6569b4ac285c.png,0%
7c270cbe-12d0-4de6-a86b-6569b4ac285c.png,65.8%
7c270cbe-12d0-4de6-a86b-6569b4ac285c.png,0%
7c270cbe-12d0-4de6-a86b-6569b4ac285c.png,64.4%
7c270cbe-12d0-4de6-a86b-6569b4ac285c.png,0%
7c270cbe-12d0-4de6-a86b-6569b4ac285c.png,64.0%
879c4ce5-4b78-4307-b1fc-c390bd7337d6.png,55.6%
879c4ce5-4b78-4307-b1fc-c390bd7337d6.png,1.0%
879c4ce5-4b78-4307-b1fc-c390bd7337d6.png,99.0%
879c4ce5-4b78-4307-b1fc-c390bd7337d6.png,54.6%
879c4ce5-4b78-4307-b1fc-c390bd7337d6.png,2.7%
879c4ce5-4b78-4307-b1fc-c390bd7337d6.png,97.3%
879c4ce5-4b78-4307-b1fc-c390bd7337d6.png,54.0%
879c4ce5-4b78-4307-b1fc-c390bd7337d6.png,2.2%
879c4ce5-4b78-4307-b1fc-c390bd7337d6.png,97.8%
879c4ce5-4b78-4307-b1fc-c390bd7337d6.png,52.8%
879c4ce5-4b78-4307-b1fc-c390bd7337d6.png,1.5%
879c4ce5-4b78-4307-b1fc-c390bd7337d6.png,98.5%
879c4ce5-4b78-4307-b1fc-c390bd7337d6.png,52.7%
879c4ce5-4b78-4307-b1fc-c390bd7337d6.png,1.3%
879c4ce5-4b78-4307-b1fc-c390bd7337d6.png,98.7%
879c4ce5-4b78-4307-b1fc-c390bd7337d6.png,52.2%
879c4ce5-4b78-4307-b1fc-c390bd7337d6.png,1.5%
879c4ce5-4b78-4307-b1fc-c390bd7337d6.png,98.5%
879c4ce5-4b78-4307-b1fc-c390bd7337d6.png,52.0%
879c4ce5-4b78-4307-b1fc-c390bd7337d6.png,0.9%
879c4ce5-4b78-4307-b1fc-c390bd7337d6.png,99.1%
879c4ce5-4b78-4307-b1fc-c390bd7337d6.png,51.9%
879c4ce5-4b78-4307-b1fc-c390bd7337d6.png,2.0%
879c4ce5-4b78-4307-b1fc-c390bd7337d6.png,98.0%
879c4ce5-4b78-4307-b1fc-c390bd7337d6.png,51.7%
879c4ce5-4b78-4307-b1fc-c390bd7337d6.png,3.0%
879c4ce5-4b78-4307-b1fc-c390bd7337d6.png,97.0%
879c4ce5-4b78-4307-b1fc-c390bd7337d6.png,51.4%
879c4ce5-4b78-4307-b1fc-c390bd7337d6.png,0.8%
879c4ce5-4b78-4307-b1fc-c390bd7337d6.png,99.2%
879c4ce5-4b78-4307-b1fc-c390bd7337d6.png,51.2%
879c4ce5-4b78-4307-b1fc-c390bd7337d6.png,0.9%
879c4ce5-4b78-4307-b1fc-c390bd7337d6.png,99.1%
893ff7c7-f7fe-4164-beb2-8a1778e6e301.png,34.5%
893ff7c7-f7fe-4164-beb2-8a1778e6e301.png,14.7%
893ff7c7-f7fe-4164-beb2-8a1778e6e301.png,85.3%
893ff7c7-f7fe-4164-beb2-8a1778e6e301.png,34.3%
893ff7c7-f7fe-4164-beb2-8a1778e6e301.png,9.4%
893ff7c7-f7fe-4164-beb2-8a1778e6e301.png,90.6%
893ff7c7-f7fe-4164-beb2-8a1778e6e301.png,34.2%
893ff7c7-f7fe-4164-beb2-8a1778e6e301.png,8.4%
893ff7c7-f7fe-4164-beb2-8a1778e6e301.png,91.6%
893ff7c7-f7fe-4164-beb2-8a1778e6e301.png,33.7%
893ff7c7-f7fe-4164-beb2-8a1778e6e301.png,18.8%
893ff7c7-f7fe-4164-beb2-8a1778e6e301.png,81.2%
893ff7c7-f7fe-4164-beb2-8a1778e6e301.png,33.5%
893ff7c7-f7fe-4164-beb2-8a1778e6e301.png,2.4%
893ff7c7-f7fe-4164-beb2-8a1778e6e301.png,97.6%
893ff7c7-f7fe-4164-beb2-8a1778e6e301.png,33.1%
893ff7c7-f7fe-4164-beb2-8a1778e6e301.png,3.1%
893ff7c7-f7fe-4164-beb2-8a1778e6e301.png,96.9%
893ff7c7-f7fe-4164-beb2-8a1778e6e301.png,29.1%
893ff7c7-f7fe-4164-beb2-8a1778e6e301.png,13.2%
893ff7c7-f7fe-4164-beb2-8a1778e6e301.png,86.8%
893ff7c7-f7fe-4164-beb2-8a1778e6e301.png,28.2%
893ff7c7-f7fe-4164-beb2-8a1778e6e301.png,100.0%
893ff7c7-f7fe-4164-beb2-8a1778e6e301.png,0.0%
893ff7c7-f7fe-4164-beb2-8a1778e6e301.png,26.9%
893ff7c7-f7fe-4164-beb2-8a1778e6e301.png,100.0%
893ff7c7-f7fe-4164-beb2-8a1778e6e301.png,0.0%
893ff7c7-f7fe-4164-beb2-8a1778e6e301.png,26.5%
893ff7c7-f7fe-4164-beb2-8a1778e6e301.png,0.0%
893ff7c7-f7fe-4164-beb2-8a1778e6e301.png,100.0%
893ff7c7-f7fe-4164-beb2-8a1778e6e301.png,20.1%
893ff7c7-f7fe-4164-beb2-8a1778e6e301.png,0.0%
893ff7c7-f7fe-4164-beb2-8a1778e6e301.png,100.0%
8aebfac7-8d97-4340-af8d-902a0a34c7d9.png,40.6%
8aebfac7-8d97-4340-af8d-902a0a34c7d9.png,0.0%
8aebfac7-8d97-4340-af8d-902a0a34c7d9.png,100.0%
8aebfac7-8d97-4340-af8d-902a0a34c7d9.png,39.8%
8aebfac7-8d97-4340-af8d-902a0a34c7d9.png,0%
8aebfac7-8d97-4340-af8d-902a0a34c7d9.png,0%
8aebfac7-8d97-4340-af8d-902a0a34c7d9.png,38.5%
8aebfac7-8d97-4340-af8d-902a0a34c7d9.png,0%
8aebfac7-8d97-4340-af8d-902a0a34c7d9.png,0%
8aebfac7-8d97-4340-af8d-902a0a34c7d9.png,38.3%
8aebfac7-8d97-4340-af8d-902a0a34c7d9.png,0.0%
8aebfac7-8d97-4340-af8d-902a0a34c7d9.png,100.0%
8aebfac7-8d97-4340-af8d-902a0a34c7d9.png,36.2%
8aebfac7-8d97-4340-af8d-902a0a34c7d9.png,62.5%
8aebfac7-8d97-4340-af8d-902a0a34c7d9.png,37.5%
8aebfac7-8d97-4340-af8d-902a0a34c7d9.png,35.1%
8aebfac7-8d97-4340-af8d-902a0a34c7d9.png,0.0%
8aebfac7-8d97-4340-af8d-902a0a34c7d9.png,100.0%
8aebfac7-8d97-4340-af8d-902a0a34c7d9.png,31.9%
8aebfac7-8d97-4340-af8d-902a0a34c7d9.png,13.5%
8aebfac7-8d97-4340-af8d-902a0a34c7d9.png,86.5%
8aebfac7-8d97-4340-af8d-902a0a34c7d9.png,31.5%
8aebfac7-8d97-4340-af8d-902a0a34c7d9.png,0.0%
8aebfac7-8d97-4340-af8d-902a0a34c7d9.png,100.0%
8aebfac7-8d97-4340-af8d-902a0a34c7d9.png,31.2%
8aebfac7-8d97-4340-af8d-902a0a34c7d9.png,2.9%
8aebfac7-8d97-4340-af8d-902a0a34c7d9.png,97.1%
8aebfac7-8d97-4340-af8d-902a0a34c7d9.png,30.5%
8aebfac7-8d97-4340-af8d-902a0a34c7d9.png,0%
8aebfac7-8d97-4340-af8d-902a0a34c7d9.png,25.0%
8aebfac7-8d97-4340-af8d-902a0a34c7d9.png,0%
95afd23c-50b0-4873-a5b1-f872117863f3.png,43.2%
95afd23c-50b0-4873-a5b1-f872117863f3.png,26.0%
95afd23c-50b0-4873-a5b1-f872117863f3.png,74.0%
95afd23c-50b0-4873-a5b1-f872117863f3.png,42.8%
95afd23c-50b0-4873-a5b1-f872117863f3.png,14.3%
95afd23c-50b0-4873-a5b1-f872117863f3.png,85.7%
95afd23c-50b0-4873-a5b1-f872117863f3.png,42.4%
95afd23c-50b0-4873-a5b1-f872117863f3.png,11.7%
95afd23c-50b0-4873-a5b1-f872117863f3.png,88.3%
95afd23c-50b0-4873-a5b1-f872117863f3.png,42.3%
95afd23c-50b0-4873-a5b1-f872117863f3.png,27.2%
95afd23c-50b0-4873-a5b1-f872117863f3.png,72.8%
95afd23c-50b0-4873-a5b1-f872117863f3.png,42.3%
95afd23c-50b0-4873-a5b1-f872117863f3.png,16.3%
95afd23c-50b0-4873-a5b1-f872117863f3.png,83.7%
95afd23c-50b0-4873-a5b1-f872117863f3.png,41.6%
95afd23c-50b0-4873-a5b1-f872117863f3.png,30.9%
95afd23c-50b0-4873-a5b1-f872117863f3.png,69.1%
95afd23c-50b0-4873-a5b1-f872117863f3.png,41.5%
95afd23c-50b0-4873-a5b1-f872117863f3.png,33.9%
95afd23c-50b0-4873-a5b1-f872117863f3.png,66.1%
95afd23c-50b0-4873-a5b1-f872117863f3.png,40.9%
95afd23c-50b0-4873-a5b1-f872117863f3.png,9.8%
95afd23c-50b0-4873-a5b1-f872117863f3.png,90.2%
95afd23c-50b0-4873-a5b1-f872117863f3.png,40.8%
95afd23c-50b0-4873-a5b1-f872117863f3.png,6.3%
95afd23c-50b0-4873-a5b1-f872117863f3.png,93.7%
95afd23c-50b0-4873-a5b1-f872117863f3.png,40.6%
95afd23c-50b0-4873-a5b1-f872117863f3.png,22.3%
95afd23c-50b0-4873-a5b1-f872117863f3.png,%
95afd23c-50b0-4873-a5b1-f872117863f3.png,40.0%
95afd23c-50b0-4873-a5b1-f872117863f3.png,10.0%
95afd23c-50b0-4873-a5b1-f872117863f3.png,90.0%
974268c0-fba4-421e-a485-3e5f8c9edabf.png,59.5%
974268c0-fba4-421e-a485-3e5f8c9edabf.png,8.2%
974268c0-fba4-421e-a485-3e5f8c9edabf.png,91.8%
974268c0-fba4-421e-a485-3e5f8c9edabf.png,59.4%
974268c0-fba4-421e-a485-3e5f8c9edabf.png,2.4%
974268c0-fba4-421e-a485-3e5f8c9edabf.png,97.6%
974268c0-fba4-421e-a485-3e5f8c9edabf.png,59.0%
974268c0-fba4-421e-a485-3e5f8c9edabf.png,3.1%
974268c0-fba4-421e-a485-3e5f8c9edabf.png,96.9%
974268c0-fba4-421e-a485-3e5f8c9edabf.png,58.0%
974268c0-fba4-421e-a485-3e5f8c9edabf.png,%
974268c0-fba4-421e-a485-3e5f8c9edabf.png,97.3%
974268c0-fba4-421e-a485-3e5f8c9edabf.png,57.9%
974268c0-fba4-421e-a485-3e5f8c9edabf.png,1.3%
974268c0-fba4-421e-a485-3e5f8c9edabf.png,98.7%
974268c0-fba4-421e-a485-3e5f8c9edabf.png,57.9%
974268c0-fba4-421e-a485-3e5f8c9edabf.png,2.3%
974268c0-fba4-421e-a485-3e5f8c9edabf.png,97.7%
974268c0-fba4-421e-a485-3e5f8c9edabf.png,57.2%
974268c0-fba4-421e-a485-3e5f8c9edabf.png,1.8%
974268c0-fba4-421e-a485-3e5f8c9edabf.png,98.2%
974268c0-fba4-421e-a485-3e5f8c9edabf.png,57.1%
974268c0-fba4-421e-a485-3e5f8c9edabf.png,1.2%
974268c0-fba4-421e-a485-3e5f8c9edabf.png,98.8%
974268c0-fba4-421e-a485-3e5f8c9edabf.png,56.7%
974268c0-fba4-421e-a485-3e5f8c9edabf.png,0.3%
974268c0-fba4-421e-a485-3e5f8c9edabf.png,99.7%
974268c0-fba4-421e-a485-3e5f8c9edabf.png,56.7%
974268c0-fba4-421e-a485-3e5f8c9edabf.png,0.3%
974268c0-fba4-421e-a485-3e5f8c9edabf.png,99.7%
974268c0-fba4-421e-a485-3e5f8c9edabf.png,56.5%
974268c0-fba4-421e-a485-3e5f8c9edabf.png,2.3%
974268c0-fba4-421e-a485-3e5f8c9edabf.png,97.7%
9c064de3-bf86-45c0-8fa6-c9e0d2be1a3c.png,52.6%
9c064de3-bf86-45c0-8fa6-c9e0d2be1a3c.png,12.4%
9c064de3-bf86-45c0-8fa6-c9e0d2be1a3c.png,87.6%
9c064de3-bf86-45c0-8fa6-c9e0d2be1a3c.png,52.2%
9c064de3-bf86-45c0-8fa6-c9e0d2be1a3c.png,18.8%
9c064de3-bf86-45c0-8fa6-c9e0d2be1a3c.png,81.2%
9c064de3-bf86-45c0-8fa6-c9e0d2be1a3c.png,52.0%
9c064de3-bf86-45c0-8fa6-c9e0d2be1a3c.png,13.7%
9c064de3-bf86-45c0-8fa6-c9e0d2be1a3c.png,86.3%
9c064de3-bf86-45c0-8fa6-c9e0d2be1a3c.png,51.6%
9c064de3-bf86-45c0-8fa6-c9e0d2be1a3c.png,9.2%
9c064de3-bf86-45c0-8fa6-c9e0d2be1a3c.png,90.8%
9c064de3-bf86-45c0-8fa6-c9e0d2be1a3c.png,51.4%
9c064de3-bf86-45c0-8fa6-c9e0d2be1a3c.png,18.3%
9c064de3-bf86-45c0-8fa6-c9e0d2be1a3c.png,81.7%
9c064de3-bf86-45c0-8fa6-c9e0d2be1a3c.png,51.1%
9c064de3-bf86-45c0-8fa6-c9e0d2be1a3c.png,25.6%
9c064de3-bf86-45c0-8fa6-c9e0d2be1a3c.png,74.4%
9c064de3-bf86-45c0-8fa6-c9e0d2be1a3c.png,51.1%
9c064de3-bf86-45c0-8fa6-c9e0d2be1a3c.png,33.6%
9c064de3-bf86-45c0-8fa6-c9e0d2be1a3c.png,66.4%
9c064de3-bf86-45c0-8fa6-c9e0d2be1a3c.png,50.6%
9c064de3-bf86-45c0-8fa6-c9e0d2be1a3c.png,13.4%
9c064de3-bf86-45c0-8fa6-c9e0d2be1a3c.png,86.6%
9c064de3-bf86-45c0-8fa6-c9e0d2be1a3c.png,50.5%
9c064de3-bf86-45c0-8fa6-c9e0d2be1a3c.png,17.5%
9c064de3-bf86-45c0-8fa6-c9e0d2be1a3c.png,82.5%
9c064de3-bf86-45c0-8fa6-c9e0d2be1a3c.png,50.3%
9c064de3-bf86-45c0-8fa6-c9e0d2be1a3c.png,26.8%
9c064de3-bf86-45c0-8fa6-c9e0d2be1a3c.png,73.2%
9c064de3-bf86-45c0-8fa6-c9e0d2be1a3c.png,50.1%
9c064de3-bf86-45c0-8fa6-c9e0d2be1a3c.png,11.3%
9c064de3-bf86-45c0-8fa6-c9e0d2be1a3c.png,88.7%
9ce55cfc-6638-4c12-bd73-e343edfc92e4.png,47.2%
9ce55cfc-6638-4c12-bd73-e343edfc92e4.png,17.6%
9ce55cfc-6638-4c12-bd73-e343edfc92e4.png,82.4%
9ce55cfc-6638-4c12-bd73-e343edfc92e4.png,47.0%
9ce55cfc-6638-4c12-bd73-e343edfc92e4.png,26.1%
9ce55cfc-6638-4c12-bd73-e343edfc92e4.png,73.9%
9ce55cfc-6638-4c12-bd73-e343edfc92e4.png,46.3%
9ce55cfc-6638-4c12-bd73-e343edfc92e4.png,19.7%
9ce55cfc-6638-4c12-bd73-e343edfc92e4.png,80.3%
9ce55cfc-6638-4c12-bd73-e343edfc92e4.png,46.1%
9ce55cfc-6638-4c12-bd73-e343edfc92e4.png,12.8%
9ce55cfc-6638-4c12-bd73-e343edfc92e4.png,87.2%
9ce55cfc-6638-4c12-bd73-e343edfc92e4.png,45.5%
9ce55cfc-6638-4c12-bd73-e343edfc92e4.png,22.5%
9ce55cfc-6638-4c12-bd73-e343edfc92e4.png,77.5%
9ce55cfc-6638-4c12-bd73-e343edfc92e4.png,45.5%
9ce55cfc-6638-4c12-bd73-e343edfc92e4.png,22.8%
9ce55cfc-6638-4c12-bd73-e343edfc92e4.png,77.2%
9ce55cfc-6638-4c12-bd73-e343edfc92e4.png,45.1%
9ce55cfc-6638-4c12-bd73-e343edfc92e4.png,17.4%
9ce55cfc-6638-4c12-bd73-e343edfc92e4.png,82.6%
9ce55cfc-6638-4c12-bd73-e343edfc92e4.png,43.9%
9ce55cfc-6638-4c12-bd73-e343edfc92e4.png,16.5%
9ce55cfc-6638-4c12-bd73-e343edfc92e4.png,83.5%
9ce55cfc-6638-4c12-bd73-e343edfc92e4.png,43.7%
9ce55cfc-6638-4c12-bd73-e343edfc92e4.png,5.6%
9ce55cfc-6638-4c12-bd73-e343edfc92e4.png,94.4%
9ce55cfc-6638-4c12-bd73-e343edfc92e4.png,43.1%
9ce55cfc-6638-4c12-bd73-e343edfc92e4.png,16.1%
9ce55cfc-6638-4c12-bd73-e343edfc92e4.png,83.9%
9ce55cfc-6638-4c12-bd73-e343edfc92e4.png,43.1%
9ce55cfc-6638-4c12-bd73-e343edfc92e4.png,7.3%
9ce55cfc-6638-4c12-bd73-e343edfc92e4.png,92.7%
a3c47029-8668-42d9-84c0-9e5d0a629682.png,42.5%
a3c47029-8668-42d9-84c0-9e5d0a629682.png,18.6%
a3c47029-8668-42d9-84c0-9e5d0a629682.png,81.4%
a3c47029-8668-42d9-84c0-9e5d0a629682.png,42.1%
a3c47029-8668-42d9-84c0-9e5d0a629682.png,7.6%
a3c47029-8668-42d9-84c0-9e5d0a629682.png,92.4%
a3c47029-8668-42d9-84c0-9e5d0a629682.png,42.0%
a3c47029-8668-42d9-84c0-9e5d0a629682.png,3.4%
a3c47029-8668-42d9-84c0-9e5d0a629682.png,96.6%
a3c47029-8668-42d9-84c0-9e5d0a629682.png,41.9%
a3c47029-8668-42d9-84c0-9e5d0a629682.png,9.5%
a3c47029-8668-42d9-84c0-9e5d0a629682.png,90.5%
a3c47029-8668-42d9-84c0-9e5d0a629682.png,41.9%
a3c47029-8668-42d9-84c0-9e5d0a629682.png,8.0%
a3c47029-8668-42d9-84c0-9e5d0a629682.png,92.0%
a3c47029-8668-42d9-84c0-9e5d0a629682.png,40.7%
a3c47029-8668-42d9-84c0-9e5d0a629682.png,9.9%
a3c47029-8668-42d9-84c0-9e5d0a629682.png,90.1%
a3c47029-8668-42d9-84c0-9e5d0a629682.png,38.6%
a3c47029-8668-42d9-84c0-9e5d0a629682.png,10.6%
a3c47029-8668-42d9-84c0-9e5d0a629682.png,89.4%
a3c47029-8668-42d9-84c0-9e5d0a629682.png,34.3%
a3c47029-8668-42d9-84c0-9e5d0a629682.png,0%
a3c47029-8668-42d9-84c0-9e5d0a629682.png,0%
a3c47029-8668-42d9-84c0-9e5d0a629682.png,33.7%
a3c47029-8668-42d9-84c0-9e5d0a629682.png,0%
a3c47029-8668-42d9-84c0-9e5d0a629682.png,0%
a3c47029-8668-42d9-84c0-9e5d0a629682.png,32.7%
a3c47029-8668-42d9-84c0-9e5d0a629682.png,0.0%
a3c47029-8668-42d9-84c0-9e5d0a629682.png,100.0%
a3c47029-8668-42d9-84c0-9e5d0a629682.png,24.6%
a3c47029-8668-42d9-84c0-9e5d0a629682.png,0.0%
a3c47029-8668-42d9-84c0-9e5d0a629682.png,100.0%
a6f12182-acda-4924-bd8f-59e1dafffa65.png,64.2%
a6f12182-acda-4924-bd8f-59e1dafffa65.png,31.8%
a6f12182-acda-4924-bd8f-59e1dafffa65.png,68.2%
a6f12182-acda-4924-bd8f-59e1dafffa65.png,64.0%
a6f12182-acda-4924-bd8f-59e1dafffa65.png,64.7%
a6f12182-acda-4924-bd8f-59e1dafffa65.png,35.3%
a6f12182-acda-4924-bd8f-59e1dafffa65.png,63.6%
a6f12182-acda-4924-bd8f-59e1dafffa65.png,63.6%
a6f12182-acda-4924-bd8f-59e1dafffa65.png,41.7%
a6f12182-acda-4924-bd8f-59e1dafffa65.png,58.3%
a6f12182-acda-4924-bd8f-59e1dafffa65.png,63.2%
a6f12182-acda-4924-bd8f-59e1dafffa65.png,23.8%
a6f12182-acda-4924-bd8f-59e1dafffa65.png,76.2%
a6f12182-acda-4924-bd8f-59e1dafffa65.png,62.6%
a6f12182-acda-4924-bd8f-59e1dafffa65.png,57.6%
a6f12182-acda-4924-bd8f-59e1dafffa65.png,42.4%
a6f12182-acda-4924-bd8f-59e1dafffa65.png,62.5%
a6f12182-acda-4924-bd8f-59e1dafffa65.png,17.5%
a6f12182-acda-4924-bd8f-59e1dafffa65.png,82.5%
a6f12182-acda-4924-bd8f-59e1dafffa65.png,62.0%
a6f12182-acda-4924-bd8f-59e1dafffa65.png,28.1%
a6f12182-acda-4924-bd8f-59e1dafffa65.png,71.9%
a6f12182-acda-4924-bd8f-59e1dafffa65.png,61.9%
a6f12182-acda-4924-bd8f-59e1dafffa65.png,57.1%
a6f12182-acda-4924-bd8f-59e1dafffa65.png,42.9%
a6f12182-acda-4924-bd8f-59e1dafffa65.png,61.8%
a6f12182-acda-4924-bd8f-59e1dafffa65.png,54.0%
a6f12182-acda-4924-bd8f-59e1dafffa65.png,46.0%
a6f12182-acda-4924-bd8f-59e1dafffa65.png,61.6%
a6f12182-acda-4924-bd8f-59e1dafffa65.png,31.7%
a6f12182-acda-4924-bd8f-59e1dafffa65.png,68.3%
ae4d0544-4c54-4541-991e-58cfa4c32db0.png,64.6%
ae4d0544-4c54-4541-991e-58cfa4c32db0.png,62.5%
ae4d0544-4c54-4541-991e-58cfa4c32db0.png,37.5%
ae4d0544-4c54-4541-991e-58cfa4c32db0.png,61.8%
ae4d0544-4c54-4541-991e-58cfa4c32db0.png,0%
ae4d0544-4c54-4541-991e-58cfa4c32db0.png,61.2%
ae4d0544-4c54-4541-991e-58cfa4c32db0.png,15.9%
ae4d0544-4c54-4541-991e-58cfa4c32db0.png,84.1%
ae4d0544-4c54-4541-991e-58cfa4c32db0.png,58.0%
ae4d0544-4c54-4541-991e-58cfa4c32db0.png,34.1%
ae4d0544-4c54-4541-991e-58cfa4c32db0.png,65.9%
ae4d0544-4c54-4541-991e-58cfa4c32db0.png,57.6%
ae4d0544-4c54-4541-991e-58cfa4c32db0.png,23.7%
ae4d0544-4c54-4541-991e-58cfa4c32db0.png,76.3%
ae4d0544-4c54-4541-991e-58cfa4c32db0.png,57.5%
ae4d0544-4c54-4541-991e-58cfa4c32db0.png,38.9%
ae4d0544-4c54-4541-991e-58cfa4c32db0.png,61.1%
ae4d0544-4c54-4541-991e-58cfa4c32db0.png,57.4%
ae4d0544-4c54-4541-991e-58cfa4c32db0.png,33.0%
ae4d0544-4c54-4541-991e-58cfa4c32db0.png,67.0%
ae4d0544-4c54-4541-991e-58cfa4c32db0.png,57.1%
ae4d0544-4c54-4541-991e-58cfa4c32db0.png,39.8%
ae4d0544-4c54-4541-991e-58cfa4c32db0.png,60.2%
ae4d0544-4c54-4541-991e-58cfa4c32db0.png,57.0%
ae4d0544-4c54-4541-991e-58cfa4c32db0.png,25.5%
ae4d0544-4c54-4541-991e-58cfa4c32db0.png,74.5%
ae4d0544-4c54-4541-991e-58cfa4c32db0.png,56.6%
ae4d0544-4c54-4541-991e-58cfa4c32db0.png,25.6%
ae4d0544-4c54-4541-991e-58cfa4c32db0.png,74.4%
ae4d0544-4c54-4541-991e-58cfa4c32db0.png,56.4%
ae4d0544-4c54-4541-991e-58cfa4c32db0.png,11.2%
ae4d0544-4c54-4541-991e-58cfa4c32db0.png,88.8%
ae4d0544-4c54-4541-991e-58cfa4c32db0.png,55.8%
ae4d0544-4c54-4541-991e-58cfa4c32db0.png,24.1%
ae4d0544-4c54-4541-991e-58cfa4c32db0.png,75.9%
b37e3eda-18d0-41e6-bb39-4fb5428fea17.png,50.1%
b37e3eda-18d0-41e6-bb39-4fb5428fea17.png,12.3%
b37e3eda-18d0-41e6-bb39-4fb5428fea17.png,87.7%
b37e3eda-18d0-41e6-bb39-4fb5428fea17.png,49.9%
b37e3eda-18d0-41e6-bb39-4fb5428fea17.png,11.4%
b37e3eda-18d0-41e6-bb39-4fb5428fea17.png,88.6%
b37e3eda-18d0-41e6-bb39-4fb5428fea17.png,49.8%
b37e3eda-18d0-41e6-bb39-4fb5428fea17.png,27.8%
b37e3eda-18d0-41e6-bb39-4fb5428fea17.png,72.2%
b37e3eda-18d0-41e6-bb39-4fb5428fea17.png,49.7%
b37e3eda-18d0-41e6-bb39-4fb5428fea17.png,36.5%
b37e3eda-18d0-41e6-bb39-4fb5428fea17.png,63.5%
b37e3eda-18d0-41e6-bb39-4fb5428fea17.png,49.7%
b37e3eda-18d0-41e6-bb39-4fb5428fea17.png,20.4%
b37e3eda-18d0-41e6-bb39-4fb5428fea17.png,79.6%
b37e3eda-18d0-41e6-bb39-4fb5428fea17.png,49.3%
b37e3eda-18d0-41e6-bb39-4fb5428fea17.png,19.7%
b37e3eda-18d0-41e6-bb39-4fb5428fea17.png,80.3%
b37e3eda-18d0-41e6-bb39-4fb5428fea17.png,48.6%
b37e3eda-18d0-41e6-bb39-4fb5428fea17.png,17.5%
b37e3eda-18d0-41e6-bb39-4fb5428fea17.png,82.5%
b37e3eda-18d0-41e6-bb39-4fb5428fea17.png,48.3%
b37e3eda-18d0-41e6-bb39-4fb5428fea17.png,15.5%
b37e3eda-18d0-41e6-bb39-4fb5428fea17.png,84.5%
b37e3eda-18d0-41e6-bb39-4fb5428fea17.png,48.2%
b37e3eda-18d0-41e6-bb39-4fb5428fea17.png,20.2%
b37e3eda-18d0-41e6-bb39-4fb5428fea17.png,79.8%
b37e3eda-18d0-41e6-bb39-4fb5428fea17.png,48.2%
b37e3eda-18d0-41e6-bb39-4fb5428fea17.png,20.6%
b37e3eda-18d0-41e6-bb39-4fb5428fea17.png,79.4%
b37e3eda-18d0-41e6-bb39-4fb5428fea17.png,47.9%
b37e3eda-18d0-41e6-bb39-4fb5428fea17.png,28.7%
b37e3eda-18d0-41e6-bb39-4fb5428fea17.png,71.3%
b6d4edbd-0003-4131-bb16-c50a4c74a45e.png,71.1%
b6d4edbd-0003-4131-bb16-c50a4c74a45e.png,39.2%
b6d4edbd-0003-4131-bb16-c50a4c74a45e.png,60.8%
b6d4edbd-0003-4131-bb16-c50a4c74a45e.png,70.6%
b6d4edbd-0003-4131-bb16-c50a4c74a45e.png,56.8%
b6d4edbd-0003-4131-bb16-c50a4c74a45e.png,43.2%
b6d4edbd-0003-4131-bb16-c50a4c74a45e.png,70.2%
b6d4edbd-0003-4131-bb16-c50a4c74a45e.png,72.4%
b6d4edbd-0003-4131-bb16-c50a4c74a45e.png,27.6%
b6d4edbd-0003-4131-bb16-c50a4c74a45e.png,68.7%
b6d4edbd-0003-4131-bb16-c50a4c74a45e.png,34.0%
b6d4edbd-0003-4131-bb16-c50a4c74a45e.png,66.0%
b6d4edbd-0003-4131-bb16-c50a4c74a45e.png,67.7%
b6d4edbd-0003-4131-bb16-c50a4c74a45e.png,0%
b6d4edbd-0003-4131-bb16-c50a4c74a45e.png,67.4%
b6d4edbd-0003-4131-bb16-c50a4c74a45e.png,20.8%
b6d4edbd-0003-4131-bb16-c50a4c74a45e.png,79.2%
b6d4edbd-0003-4131-bb16-c50a4c74a45e.png,67.4%
b6d4edbd-0003-4131-bb16-c50a4c74a45e.png,46.4%
b6d4edbd-0003-4131-bb16-c50a4c74a45e.png,53.6%
b6d4edbd-0003-4131-bb16-c50a4c74a45e.png,67.4%
b6d4edbd-0003-4131-bb16-c50a4c74a45e.png,67.0%
b6d4edbd-0003-4131-bb16-c50a4c74a45e.png,44.7%
b6d4edbd-0003-4131-bb16-c50a4c74a45e.png,55.3%
b6d4edbd-0003-4131-bb16-c50a4c74a45e.png,66.9%
b6d4edbd-0003-4131-bb16-c50a4c74a45e.png,37.3%
b6d4edbd-0003-4131-bb16-c50a4c74a45e.png,62.7%
b6d4edbd-0003-4131-bb16-c50a4c74a45e.png,66.5%
b6d4edbd-0003-4131-bb16-c50a4c74a45e.png,30.9%
b6d4edbd-0003-4131-bb16-c50a4c74a45e.png,69.1%
bae58f9f-9f47-4839-a0b4-cf897d9ffb42.png,39.9%
bae58f9f-9f47-4839-a0b4-cf897d9ffb42.png,10.0%
bae58f9f-9f47-4839-a0b4-cf897d9ffb42.png,90.0%
bae58f9f-9f47-4839-a0b4-cf897d9ffb42.png,39.8%
bae58f9f-9f47-4839-a0b4-cf897d9ffb42.png,13.4%
bae58f9f-9f47-4839-a0b4-cf897d9ffb42.png,86.6%
bae58f9f-9f47-4839-a0b4-cf897d9ffb42.png,39.2%
bae58f9f-9f47-4839-a0b4-cf897d9ffb42.png,16.5%
bae58f9f-9f47-4839-a0b4-cf897d9ffb42.png,83.5%
bae58f9f-9f47-4839-a0b4-cf897d9ffb42.png,38.8%
bae58f9f-9f47-4839-a0b4-cf897d9ffb42.png,5.3%
bae58f9f-9f47-4839-a0b4-cf897d9ffb42.png,%
bae58f9f-9f47-4839-a0b4-cf897d9ffb42.png,37.2%
bae58f9f-9f47-4839-a0b4-cf897d9ffb42.png,12.6%
bae58f9f-9f47-4839-a0b4-cf897d9ffb42.png,87.4%
bae58f9f-9f47-4839-a0b4-cf897d9ffb42.png,37.0%
bae58f9f-9f47-4839-a0b4-cf897d9ffb42.png,10.0%
bae58f9f-9f47-4839-a0b4-cf897d9ffb42.png,90.0%
bae58f9f-9f47-4839-a0b4-cf897d9ffb42.png,36.9%
bae58f9f-9f47-4839-a0b4-cf897d9ffb42.png,12.4%
bae58f9f-9f47-4839-a0b4-cf897d9ffb42.png,87.6%
bae58f9f-9f47-4839-a0b4-cf897d9ffb42.png,36.4%
bae58f9f-9f47-4839-a0b4-cf897d9ffb42.png,12.9%
bae58f9f-9f47-4839-a0b4-cf897d9ffb42.png,87.1%
bae58f9f-9f47-4839-a0b4-cf897d9ffb42.png,35.9%
bae58f9f-9f47-4839-a0b4-cf897d9ffb42.png,14.0%
bae58f9f-9f47-4839-a0b4-cf897d9ffb42.png,86.0%
bae58f9f-9f47-4839-a0b4-cf897d9ffb42.png,35.3%
bae58f9f-9f47-4839-a0b4-cf897d9ffb42.png,7.8%
bae58f9f-9f47-4839-a0b4-cf897d9ffb42.png,92.2%
bae58f9f-9f47-4839-a0b4-cf897d9ffb42.png,35.1%
bae58f9f-9f47-4839-a0b4-cf897d9ffb42.png,14.1%
bae58f9f-9f47-4839-a0b4-cf897d9ffb42.png,85.9%
bb401b2f-d3d5-4f34-8d7f-19f734941b3f.png,55.7%
bb401b2f-d3d5-4f34-8d7f-19f734941b3f.png,35.1%
bb401b2f-d3d5-4f34-8d7f-19f734941b3f.png,64.9%
bb401b2f-d3d5-4f34-8d7f-19f734941b3f.png,54.4%
bb401b2f-d3d5-4f34-8d7f-19f734941b3f.png,32.9%
bb401b2f-d3d5-4f34-8d7f-19f734941b3f.png,67.1%
bb401b2f-d3d5-4f34-8d7f-19f734941b3f.png,54.3%
bb401b2f-d3d5-4f34-8d7f-19f734941b3f.png,39.0%
bb401b2f-d3d5-4f34-8d7f-19f734941b3f.png,61.0%
bb401b2f-d3d5-4f34-8d7f-19f734941b3f.png,54.0%
bb401b2f-d3d5-4f34-8d7f-19f734941b3f.png,38.5%
bb401b2f-d3d5-4f34-8d7f-19f734941b3f.png,61.5%
bb401b2f-d3d5-4f34-8d7f-19f734941b3f.png,53.3%
bb401b2f-d3d5-4f34-8d7f-19f734941b3f.png,44.9%
bb401b2f-d3d5-4f34-8d7f-19f734941b3f.png,55.1%
bb401b2f-d3d5-4f34-8d7f-19f734941b3f.png,53.0%
bb401b2f-d3d5-4f34-8d7f-19f734941b3f.png,44.5%
bb401b2f-d3d5-4f34-8d7f-19f734941b3f.png,55.5%
bb401b2f-d3d5-4f34-8d7f-19f734941b3f.png,52.9%
bb401b2f-d3d5-4f34-8d7f-19f734941b3f.png,25.4%
bb401b2f-d3d5-4f34-8d7f-19f734941b3f.png,74.6%
bb401b2f-d3d5-4f34-8d7f-19f734941b3f.png,52.9%
bb401b2f-d3d5-4f34-8d7f-19f734941b3f.png,40.9%
bb401b2f-d3d5-4f34-8d7f-19f734941b3f.png,59.1%
bb401b2f-d3d5-4f34-8d7f-19f734941b3f.png,52.8%
bb401b2f-d3d5-4f34-8d7f-19f734941b3f.png,9.5%
bb401b2f-d3d5-4f34-8d7f-19f734941b3f.png,90.5%
bb401b2f-d3d5-4f34-8d7f-19f734941b3f.png,52.2%
bb401b2f-d3d5-4f34-8d7f-19f734941b3f.png,17.5%
bb401b2f-d3d5-4f34-8d7f-19f734941b3f.png,82.5%
bb401b2f-d3d5-4f34-8d7f-19f734941b3f.png,52.2%
bb401b2f-d3d5-4f34-8d7f-19f734941b3f.png,30.0%
bb401b2f-d3d5-4f34-8d7f-19f734941b3f.png,70.0%
bcefdb06-361e-4bf9-87e8-1f4e15cf981d.png,56.9%
bcefdb06-361e-4bf9-87e8-1f4e15cf981d.png,17.1%
bcefdb06-361e-4bf9-87e8-1f4e15cf981d.png,82.9%
bcefdb06-361e-4bf9-87e8-1f4e15cf981d.png,56.8%
bcefdb06-361e-4bf9-87e8-1f4e15cf981d.png,41.0%
bcefdb06-361e-4bf9-87e8-1f4e15cf981d.png,59.0%
bcefdb06-361e-4bf9-87e8-1f4e15cf981d.png,56.3%
bcefdb06-361e-4bf9-87e8-1f4e15cf981d.png,34.2%
bcefdb06-361e-4bf9-87e8-1f4e15cf981d.png,65.8%
bcefdb06-361e-4bf9-87e8-1f4e15cf981d.png,56.2%
bcefdb06-361e-4bf9-87e8-1f4e15cf981d.png,20.5%
bcefdb06-361e-4bf9-87e8-1f4e15cf981d.png,79.5%
bcefdb06-361e-4bf9-87e8-1f4e15cf981d.png,56.2%
bcefdb06-361e-4bf9-87e8-1f4e15cf981d.png,21.5%
bcefdb06-361e-4bf9-87e8-1f4e15cf981d.png,78.5%
bcefdb06-361e-4bf9-87e8-1f4e15cf981d.png,56.2%
bcefdb06-361e-4bf9-87e8-1f4e15cf981d.png,18.9%
bcefdb06-361e-4bf9-87e8-1f4e15cf981d.png,81.1%
bcefdb06-361e-4bf9-87e8-1f4e15cf981d.png,55.6%
bcefdb06-361e-4bf9-87e8-1f4e15cf981d.png,24.3%
bcefdb06-361e-4bf9-87e8-1f4e15cf981d.png,75.7%
bcefdb06-361e-4bf9-87e8-1f4e15cf981d.png,55.3%
bcefdb06-361e-4bf9-87e8-1f4e15cf981d.png,33.6%
bcefdb06-361e-4bf9-87e8-1f4e15cf981d.png,66.4%
bcefdb06-361e-4bf9-87e8-1f4e15cf981d.png,54.9%
bcefdb06-361e-4bf9-87e8-1f4e15cf981d.png,10.7%
bcefdb06-361e-4bf9-87e8-1f4e15cf981d.png,89.3%
bcefdb06-361e-4bf9-87e8-1f4e15cf981d.png,54.7%
bcefdb06-361e-4bf9-87e8-1f4e15cf981d.png,37.8%
bcefdb06-361e-4bf9-87e8-1f4e15cf981d.png,62.2%
bcefdb06-361e-4bf9-87e8-1f4e15cf981d.png,54.6%
bcefdb06-361e-4bf9-87e8-1f4e15cf981d.png,11.4%
bcefdb06-361e-4bf9-87e8-1f4e15cf981d.png,88.6%
c117cdf8-329d-40e9-a3c2-3b0a9086c298.png,51.0%
c117cdf8-329d-40e9-a3c2-3b0a9086c298.png,1.2%
c117cdf8-329d-40e9-a3c2-3b0a9086c298.png,98.8%
c117cdf8-329d-40e9-a3c2-3b0a9086c298.png,51.0%
c117cdf8-329d-40e9-a3c2-3b0a9086c298.png,1.9%
c117cdf8-329d-40e9-a3c2-3b0a9086c298.png,98.1%
c117cdf8-329d-40e9-a3c2-3b0a9086c298.png,50.3%
c117cdf8-329d-40e9-a3c2-3b0a9086c298.png,1.3%
c117cdf8-329d-40e9-a3c2-3b0a9086c298.png,98.7%
c117cdf8-329d-40e9-a3c2-3b0a9086c298.png,49.6%
c117cdf8-329d-40e9-a3c2-3b0a9086c298.png,1.2%
c117cdf8-329d-40e9-a3c2-3b0a9086c298.png,98.8%
c117cdf8-329d-40e9-a3c2-3b0a9086c298.png,46.6%
c117cdf8-329d-40e9-a3c2-3b0a9086c298.png,2.8%
c117cdf8-329d-40e9-a3c2-3b0a9086c298.png,97.2%
c117cdf8-329d-40e9-a3c2-3b0a9086c298.png,46.4%
c117cdf8-329d-40e9-a3c2-3b0a9086c298.png,0.2%
c117cdf8-329d-40e9-a3c2-3b0a9086c298.png,99.8%
c117cdf8-329d-40e9-a3c2-3b0a9086c298.png,45.0%
c117cdf8-329d-40e9-a3c2-3b0a9086c298.png,2.3%
c117cdf8-329d-40e9-a3c2-3b0a9086c298.png,97.7%
c117cdf8-329d-40e9-a3c2-3b0a9086c298.png,44.2%
c117cdf8-329d-40e9-a3c2-3b0a9086c298.png,1.0%
c117cdf8-329d-40e9-a3c2-3b0a9086c298.png,99.0%
c117cdf8-329d-40e9-a3c2-3b0a9086c298.png,43.2%
c117cdf8-329d-40e9-a3c2-3b0a9086c298.png,1.0%
c117cdf8-329d-40e9-a3c2-3b0a9086c298.png,99.0%
c4a1758d-bd30-4221-bee1-1f192a597752.png,75.6%
c4a1758d-bd30-4221-bee1-1f192a597752.png,65.8%
c4a1758d-bd30-4221-bee1-1f192a597752.png,19.1%
c4a1758d-bd30-4221-bee1-1f192a597752.png,80.9%
c4a1758d-bd30-4221-bee1-1f192a597752.png,61.9%
c4a1758d-bd30-4221-bee1-1f192a597752.png,68.2%
c4a1758d-bd30-4221-bee1-1f192a597752.png,31.8%
c4a1758d-bd30-4221-bee1-1f192a597752.png,60.6%
c4a1758d-bd30-4221-bee1-1f192a597752.png,21.8%
c4a1758d-bd30-4221-bee1-1f192a597752.png,78.2%
c4a1758d-bd30-4221-bee1-1f192a597752.png,59.5%
c4a1758d-bd30-4221-bee1-1f192a597752.png,51.1%
c4a1758d-bd30-4221-bee1-1f192a597752.png,48.9%
c4a1758d-bd30-4221-bee1-1f192a597752.png,58.4%
c4a1758d-bd30-4221-bee1-1f192a597752.png,58.3%
c4a1758d-bd30-4221-bee1-1f192a597752.png,11.6%
c4a1758d-bd30-4221-bee1-1f192a597752.png,88.4%
c4a1758d-bd30-4221-bee1-1f192a597752.png,57.5%
c4a1758d-bd30-4221-bee1-1f192a597752.png,35.0%
c4a1758d-bd30-4221-bee1-1f192a597752.png,65.0%
c4a1758d-bd30-4221-bee1-1f192a597752.png,57.2%
c4a1758d-bd30-4221-bee1-1f192a597752.png,18.5%
c4a1758d-bd30-4221-bee1-1f192a597752.png,81.5%
c4a1758d-bd30-4221-bee1-1f192a597752.png,56.3%
c4a1758d-bd30-4221-bee1-1f192a597752.png,28.9%
c4a1758d-bd30-4221-bee1-1f192a597752.png,71.1%
c4a1758d-bd30-4221-bee1-1f192a597752.png,56.1%
c4a1758d-bd30-4221-bee1-1f192a597752.png,55.5%
c4a1758d-bd30-4221-bee1-1f192a597752.png,44.5%
c774f678-92ec-44d5-9098-f563f33d75b2.png,61.7%
c774f678-92ec-44d5-9098-f563f33d75b2.png,21.7%
c774f678-92ec-44d5-9098-f563f33d75b2.png,78.3%
c774f678-92ec-44d5-9098-f563f33d75b2.png,60.7%
c774f678-92ec-44d5-9098-f563f33d75b2.png,34.8%
c774f678-92ec-44d5-9098-f563f33d75b2.png,65.2%
c774f678-92ec-44d5-9098-f563f33d75b2.png,%
c774f678-92ec-44d5-9098-f563f33d75b2.png,40.7%
c774f678-92ec-44d5-9098-f563f33d75b2.png,59.3%
c774f678-92ec-44d5-9098-f563f33d75b2.png,60.6%
c774f678-92ec-44d5-9098-f563f33d75b2.png,21.6%
c774f678-92ec-44d5-9098-f563f33d75b2.png,78.4%
c774f678-92ec-44d5-9098-f563f33d75b2.png,60.5%
c774f678-92ec-44d5-9098-f563f33d75b2.png,16.1%
c774f678-92ec-44d5-9098-f563f33d75b2.png,83.9%
c774f678-92ec-44d5-9098-f563f33d75b2.png,60.4%
c774f678-92ec-44d5-9098-f563f33d75b2.png,28.6%
c774f678-92ec-44d5-9098-f563f33d75b2.png,71.4%
c774f678-92ec-44d5-9098-f563f33d75b2.png,59.9%
c774f678-92ec-44d5-9098-f563f33d75b2.png,54.0%
c774f678-92ec-44d5-9098-f563f33d75b2.png,46.0%
c774f678-92ec-44d5-9098-f563f33d75b2.png,58.6%
c774f678-92ec-44d5-9098-f563f33d75b2.png,32.7%
c774f678-92ec-44d5-9098-f563f33d75b2.png,67.3%
c774f678-92ec-44d5-9098-f563f33d75b2.png,58.6%
c774f678-92ec-44d5-9098-f563f33d75b2.png,25.4%
c774f678-92ec-44d5-9098-f563f33d75b2.png,74.6%
c774f678-92ec-44d5-9098-f563f33d75b2.png,58.3%
c774f678-92ec-44d5-9098-f563f33d75b2.png,38.1%
c774f678-92ec-44d5-9098-f563f33d75b2.png,61.9%
c774f678-92ec-44d5-9098-f563f33d75b2.png,57.8%
c774f678-92ec-44d5-9098-f563f33d75b2.png,18.6%
c774f678-92ec-44d5-9098-f563f33d75b2.png,81.4%
cf9f105d-8880-4555-84a8-de08483c41e7.png,47.9%
cf9f105d-8880-4555-84a8-de08483c41e7.png,67.5%
cf9f105d-8880-4555-84a8-de08483c41e7.png,32.5%
cf9f105d-8880-4555-84a8-de08483c41e7.png,47.8%
cf9f105d-8880-4555-84a8-de08483c41e7.png,15.3%
cf9f105d-8880-4555-84a8-de08483c41e7.png,84.7%
cf9f105d-8880-4555-84a8-de08483c41e7.png,47.5%
cf9f105d-8880-4555-84a8-de08483c41e7.png,9.2%
cf9f105d-8880-4555-84a8-de08483c41e7.png,90.8%
cf9f105d-8880-4555-84a8-de08483c41e7.png,47.4%
cf9f105d-8880-4555-84a8-de08483c41e7.png,25.0%
cf9f105d-8880-4555-84a8-de08483c41e7.png,75.0%
cf9f105d-8880-4555-84a8-de08483c41e7.png,47.2%
cf9f105d-8880-4555-84a8-de08483c41e7.png,18.3%
cf9f105d-8880-4555-84a8-de08483c41e7.png,81.7%
cf9f105d-8880-4555-84a8-de08483c41e7.png,47.2%
cf9f105d-8880-4555-84a8-de08483c41e7.png,13.8%
cf9f105d-8880-4555-84a8-de08483c41e7.png,86.2%
cf9f105d-8880-4555-84a8-de08483c41e7.png,47.1%
cf9f105d-8880-4555-84a8-de08483c41e7.png,30.3%
cf9f105d-8880-4555-84a8-de08483c41e7.png,69.7%
cf9f105d-8880-4555-84a8-de08483c41e7.png,46.7%
cf9f105d-8880-4555-84a8-de08483c41e7.png,17.7%
cf9f105d-8880-4555-84a8-de08483c41e7.png,82.3%
cf9f105d-8880-4555-84a8-de08483c41e7.png,46.6%
cf9f105d-8880-4555-84a8-de08483c41e7.png,18.2%
cf9f105d-8880-4555-84a8-de08483c41e7.png,81.8%
cf9f105d-8880-4555-84a8-de08483c41e7.png,46.2%
cf9f105d-8880-4555-84a8-de08483c41e7.png,12.2%
cf9f105d-8880-4555-84a8-de08483c41e7.png,87.8%
cf9f105d-8880-4555-84a8-de08483c41e7.png,46.1%
cf9f105d-8880-4555-84a8-de08483c41e7.png,22.7%
cf9f105d-8880-4555-84a8-de08483c41e7.png,77.3%
d147c15d-9622-4787-8cf8-d99d739013a1.png,49.6%
d147c15d-9622-4787-8cf8-d99d739013a1.png,36.5%
d147c15d-9622-4787-8cf8-d99d739013a1.png,63.5%
d147c15d-9622-4787-8cf8-d99d739013a1.png,49.5%
d147c15d-9622-4787-8cf8-d99d739013a1.png,34.1%
d147c15d-9622-4787-8cf8-d99d739013a1.png,65.9%
d147c15d-9622-4787-8cf8-d99d739013a1.png,48.6%
d147c15d-9622-4787-8cf8-d99d739013a1.png,42.4%
d147c15d-9622-4787-8cf8-d99d739013a1.png,57.6%
d147c15d-9622-4787-8cf8-d99d739013a1.png,48.4%
d147c15d-9622-4787-8cf8-d99d739013a1.png,28.0%
d147c15d-9622-4787-8cf8-d99d739013a1.png,72.0%
d147c15d-9622-4787-8cf8-d99d739013a1.png,48.3%
d147c15d-9622-4787-8cf8-d99d739013a1.png,4.2%
d147c15d-9622-4787-8cf8-d99d739013a1.png,95.8%
d147c15d-9622-4787-8cf8-d99d739013a1.png,47.9%
d147c15d-9622-4787-8cf8-d99d739013a1.png,18.3%
d147c15d-9622-4787-8cf8-d99d739013a1.png,81.7%
d147c15d-9622-4787-8cf8-d99d739013a1.png,47.8%
d147c15d-9622-4787-8cf8-d99d739013a1.png,32.1%
d147c15d-9622-4787-8cf8-d99d739013a1.png,67.9%
d147c15d-9622-4787-8cf8-d99d739013a1.png,47.8%
d147c15d-9622-4787-8cf8-d99d739013a1.png,20.6%
d147c15d-9622-4787-8cf8-d99d739013a1.png,79.4%
d147c15d-9622-4787-8cf8-d99d739013a1.png,46.4%
d147c15d-9622-4787-8cf8-d99d739013a1.png,30.9%
d147c15d-9622-4787-8cf8-d99d739013a1.png,69.1%
d147c15d-9622-4787-8cf8-d99d739013a1.png,46.4%
d147c15d-9622-4787-8cf8-d99d739013a1.png,46.1%
d147c15d-9622-4787-8cf8-d99d739013a1.png,53.9%
d147c15d-9622-4787-8cf8-d99d739013a1.png,45.9%
d147c15d-9622-4787-8cf8-d99d739013a1.png,32.4%
d147c15d-9622-4787-8cf8-d99d739013a1.png,67.6%
daadffde-5b94-412e-b0ad-af20bcb31ab9.png,54.5%
daadffde-5b94-412e-b0ad-af20bcb31ab9.png,8.9%
daadffde-5b94-412e-b0ad-af20bcb31ab9.png,91.1%
daadffde-5b94-412e-b0ad-af20bcb31ab9.png,54.4%
daadffde-5b94-412e-b0ad-af20bcb31ab9.png,33.9%
daadffde-5b94-412e-b0ad-af20bcb31ab9.png,66.1%
daadffde-5b94-412e-b0ad-af20bcb31ab9.png,54.0%
daadffde-5b94-412e-b0ad-af20bcb31ab9.png,0%
daadffde-5b94-412e-b0ad-af20bcb31ab9.png,53.4%
daadffde-5b94-412e-b0ad-af20bcb31ab9.png,12.8%
daadffde-5b94-412e-b0ad-af20bcb31ab9.png,87.2%
daadffde-5b94-412e-b0ad-af20bcb31ab9.png,53.2%
daadffde-5b94-412e-b0ad-af20bcb31ab9.png,50.5%
daadffde-5b94-412e-b0ad-af20bcb31ab9.png,49.5%
daadffde-5b94-412e-b0ad-af20bcb31ab9.png,52.8%
daadffde-5b94-412e-b0ad-af20bcb31ab9.png,26.2%
daadffde-5b94-412e-b0ad-af20bcb31ab9.png,73.8%
daadffde-5b94-412e-b0ad-af20bcb31ab9.png,52.7%
daadffde-5b94-412e-b0ad-af20bcb31ab9.png,12.7%
daadffde-5b94-412e-b0ad-af20bcb31ab9.png,87.3%
daadffde-5b94-412e-b0ad-af20bcb31ab9.png,52.4%
daadffde-5b94-412e-b0ad-af20bcb31ab9.png,33.0%
daadffde-5b94-412e-b0ad-af20bcb31ab9.png,67.0%
daadffde-5b94-412e-b0ad-af20bcb31ab9.png,52.3%
daadffde-5b94-412e-b0ad-af20bcb31ab9.png,35.1%
daadffde-5b94-412e-b0ad-af20bcb31ab9.png,64.9%
daadffde-5b94-412e-b0ad-af20bcb31ab9.png,52.3%
daadffde-5b94-412e-b0ad-af20bcb31ab9.png,10.0%
daadffde-5b94-412e-b0ad-af20bcb31ab9.png,90.0%
daadffde-5b94-412e-b0ad-af20bcb31ab9.png,52.3%
daadffde-5b94-412e-b0ad-af20bcb31ab9.png,37.0%
daadffde-5b94-412e-b0ad-af20bcb31ab9.png,63.0%
dd19e912-b0dc-404e-9492-89c79e4ca4a7.png,50.6%
dd19e912-b0dc-404e-9492-89c79e4ca4a7.png,37.8%
dd19e912-b0dc-404e-9492-89c79e4ca4a7.png,62.2%
dd19e912-b0dc-404e-9492-89c79e4ca4a7.png,50.5%
dd19e912-b0dc-404e-9492-89c79e4ca4a7.png,16.8%
dd19e912-b0dc-404e-9492-89c79e4ca4a7.png,83.2%
dd19e912-b0dc-404e-9492-89c79e4ca4a7.png,50.3%
dd19e912-b0dc-404e-9492-89c79e4ca4a7.png,17.9%
dd19e912-b0dc-404e-9492-89c79e4ca4a7.png,82.1%
dd19e912-b0dc-404e-9492-89c79e4ca4a7.png,50.1%
dd19e912-b0dc-404e-9492-89c79e4ca4a7.png,4.5%
dd19e912-b0dc-404e-9492-89c79e4ca4a7.png,95.5%
dd19e912-b0dc-404e-9492-89c79e4ca4a7.png,49.4%
dd19e912-b0dc-404e-9492-89c79e4ca4a7.png,16.4%
dd19e912-b0dc-404e-9492-89c79e4ca4a7.png,83.6%
dd19e912-b0dc-404e-9492-89c79e4ca4a7.png,48.7%
dd19e912-b0dc-404e-9492-89c79e4ca4a7.png,36.8%
dd19e912-b0dc-404e-9492-89c79e4ca4a7.png,63.2%
dd19e912-b0dc-404e-9492-89c79e4ca4a7.png,48.5%
dd19e912-b0dc-404e-9492-89c79e4ca4a7.png,24.5%
dd19e912-b0dc-404e-9492-89c79e4ca4a7.png,75.5%
dd19e912-b0dc-404e-9492-89c79e4ca4a7.png,47.7%
dd19e912-b0dc-404e-9492-89c79e4ca4a7.png,25.3%
dd19e912-b0dc-404e-9492-89c79e4ca4a7.png,74.7 %
dd19e912-b0dc-404e-9492-89c79e4ca4a7.png,47.4%
dd19e912-b0dc-404e-9492-89c79e4ca4a7.png,5.4%
dd19e912-b0dc-404e-9492-89c79e4ca4a7.png,94.6%
dd19e912-b0dc-404e-9492-89c79e4ca4a7.png,47.4%
dd19e912-b0dc-404e-9492-89c79e4ca4a7.png,20.9%
dd19e912-b0dc-404e-9492-89c79e4ca4a7.png,79.1%
dd19e912-b0dc-404e-9492-89c79e4ca4a7.png,47.4%
dd19e912-b0dc-404e-9492-89c79e4ca4a7.png,12.2%
dd19e912-b0dc-404e-9492-89c79e4ca4a7.png,87.8%
e23e6011-a064-4046-b353-a86feb639f7e.png,0.0%
e23e6011-a064-4046-b353-a86feb639f7e.png,0.0%
e23e6011-a064-4046-b353-a86feb639f7e.png,0%
e23e6011-a064-4046-b353-a86feb639f7e.png,0.0%
e23e6011-a064-4046-b353-a86feb639f7e.png,0%
e23e6011-a064-4046-b353-a86feb639f7e.png,0.0%
e23e6011-a064-4046-b353-a86feb639f7e.png,0%
e23e6011-a064-4046-b353-a86feb639f7e.png,0%
e23e6011-a064-4046-b353-a86feb639f7e.png,0.0%
e23e6011-a064-4046-b353-a86feb639f7e.png,0%
e23e6011-a064-4046-b353-a86feb639f7e.png,0%
e23e6011-a064-4046-b353-a86feb639f7e.png,0.0%
e23e6011-a064-4046-b353-a86feb639f7e.png,0%
e23e6011-a064-4046-b353-a86feb639f7e.png,0.0%
e23e6011-a064-4046-b353-a86feb639f7e.png,0%
e23e6011-a064-4046-b353-a86feb639f7e.png,0.0%
e23e6011-a064-4046-b353-a86feb639f7e.png,0%
e23e6011-a064-4046-b353-a86feb639f7e.png,0.0%
e23e6011-a064-4046-b353-a86feb639f7e.png,0%
e23e6011-a064-4046-b353-a86feb639f7e.png,0%
e23e6011-a064-4046-b353-a86feb639f7e.png,0.0%
ed931b6c-eae6-410c-a5e2-1d8dee79247d.png,70.1%
ed931b6c-eae6-410c-a5e2-1d8dee79247d.png,0.6%
ed931b6c-eae6-410c-a5e2-1d8dee79247d.png,99.4%
ed931b6c-eae6-410c-a5e2-1d8dee79247d.png,69.8%
ed931b6c-eae6-410c-a5e2-1d8dee79247d.png,1.2%
ed931b6c-eae6-410c-a5e2-1d8dee79247d.png,98.8%
ed931b6c-eae6-410c-a5e2-1d8dee79247d.png,69.5%
ed931b6c-eae6-410c-a5e2-1d8dee79247d.png,1.6%
ed931b6c-eae6-410c-a5e2-1d8dee79247d.png,98.4%
ed931b6c-eae6-410c-a5e2-1d8dee79247d.png,67.7%
ed931b6c-eae6-410c-a5e2-1d8dee79247d.png,1.4%
ed931b6c-eae6-410c-a5e2-1d8dee79247d.png,98.6%
ed931b6c-eae6-410c-a5e2-1d8dee79247d.png,66.8%
ed931b6c-eae6-410c-a5e2-1d8dee79247d.png,%
ed931b6c-eae6-410c-a5e2-1d8dee79247d.png,99.3%
ed931b6c-eae6-410c-a5e2-1d8dee79247d.png,65.8%
ed931b6c-eae6-410c-a5e2-1d8dee79247d.png,0.5%
ed931b6c-eae6-410c-a5e2-1d8dee79247d.png,99.5%
ed931b6c-eae6-410c-a5e2-1d8dee79247d.png,65.6%
ed931b6c-eae6-410c-a5e2-1d8dee79247d.png,2.5%
ed931b6c-eae6-410c-a5e2-1d8dee79247d.png,97.5%
ed931b6c-eae6-410c-a5e2-1d8dee79247d.png,64.9%
ed931b6c-eae6-410c-a5e2-1d8dee79247d.png,6.9%
ed931b6c-eae6-410c-a5e2-1d8dee79247d.png,93.1%
ed931b6c-eae6-410c-a5e2-1d8dee79247d.png,64.8%
ed931b6c-eae6-410c-a5e2-1d8dee79247d.png,4.8%
ed931b6c-eae6-410c-a5e2-1d8dee79247d.png,95.2%
ed931b6c-eae6-410c-a5e2-1d8dee79247d.png,64.4%
ed931b6c-eae6-410c-a5e2-1d8dee79247d.png,0.4%
ed931b6c-eae6-410c-a5e2-1d8dee79247d.png,99.6%
ed931b6c-eae6-410c-a5e2-1d8dee79247d.png,63.4%
ed931b6c-eae6-410c-a5e2-1d8dee79247d.png,5.3%
ed931b6c-eae6-410c-a5e2-1d8dee79247d.png,94.7%
f74ca732-2b74-4c85-9ee2-ad04a575202d.png,51.9%
f74ca732-2b74-4c85-9ee2-ad04a575202d.png,20.8%
f74ca732-2b74-4c85-9ee2-ad04a575202d.png,79.2%
f74ca732-2b74-4c85-9ee2-ad04a575202d.png,51.7%
f74ca732-2b74-4c85-9ee2-ad04a575202d.png,28.5%
f74ca732-2b74-4c85-9ee2-ad04a575202d.png,71.5%
f74ca732-2b74-4c85-9ee2-ad04a575202d.png,51.4%
f74ca732-2b74-4c85-9ee2-ad04a575202d.png,42.6%
f74ca732-2b74-4c85-9ee2-ad04a575202d.png,57.4%
f74ca732-2b74-4c85-9ee2-ad04a575202d.png,51.3%
f74ca732-2b74-4c85-9ee2-ad04a575202d.png,34.1%
f74ca732-2b74-4c85-9ee2-ad04a575202d.png,65.9%
f74ca732-2b74-4c85-9ee2-ad04a575202d.png,51.0%
f74ca732-2b74-4c85-9ee2-ad04a575202d.png,22.1%
f74ca732-2b74-4c85-9ee2-ad04a575202d.png,77.9%
f74ca732-2b74-4c85-9ee2-ad04a575202d.png,50.6%
f74ca732-2b74-4c85-9ee2-ad04a575202d.png,30.8%
f74ca732-2b74-4c85-9ee2-ad04a575202d.png,69.2%
f74ca732-2b74-4c85-9ee2-ad04a575202d.png,50.5%
f74ca732-2b74-4c85-9ee2-ad04a575202d.png,27.5%
f74ca732-2b74-4c85-9ee2-ad04a575202d.png,72.5%
f74ca732-2b74-4c85-9ee2-ad04a575202d.png,50.3%
f74ca732-2b74-4c85-9ee2-ad04a575202d.png,24.9%
f74ca732-2b74-4c85-9ee2-ad04a575202d.png,75.1%
f74ca732-2b74-4c85-9ee2-ad04a575202d.png,50.1%
f74ca732-2b74-4c85-9ee2-ad04a575202d.png,24.3%
f74ca732-2b74-4c85-9ee2-ad04a575202d.png,%
f74ca732-2b74-4c85-9ee2-ad04a575202d.png,49.8%
f74ca732-2b74-4c85-9ee2-ad04a575202d.png,57.1%
f74ca732-2b74-4c85-9ee2-ad04a575202d.png,42.9%
f74ca732-2b74-4c85-9ee2-ad04a575202d.png,49.6%
f74ca732-2b74-4c85-9ee2-ad04a575202d.png,30.9%
f74ca732-2b74-4c85-9ee2-ad04a575202d.png,69.1%
fde79123-610b-475c-8b37-1ab28ffd16ac.png,61.4%
fde79123-610b-475c-8b37-1ab28ffd16ac.png,35.5%
fde79123-610b-475c-8b37-1ab28ffd16ac.png,64.5%
fde79123-610b-475c-8b37-1ab28ffd16ac.png,61.2%
fde79123-610b-475c-8b37-1ab28ffd16ac.png,44.9%
fde79123-610b-475c-8b37-1ab28ffd16ac.png,55.1%
fde79123-610b-475c-8b37-1ab28ffd16ac.png,61.0%
fde79123-610b-475c-8b37-1ab28ffd16ac.png,32.0%
fde79123-610b-475c-8b37-1ab28ffd16ac.png,68.0%
fde79123-610b-475c-8b37-1ab28ffd16ac.png,60.7%
fde79123-610b-475c-8b37-1ab28ffd16ac.png,51.0%
fde79123-610b-475c-8b37-1ab28ffd16ac.png,49.0%
fde79123-610b-475c-8b37-1ab28ffd16ac.png,59.5%
fde79123-610b-475c-8b37-1ab28ffd16ac.png,41.5%
fde79123-610b-475c-8b37-1ab28ffd16ac.png,58.5%
fde79123-610b-475c-8b37-1ab28ffd16ac.png,58.2%
fde79123-610b-475c-8b37-1ab28ffd16ac.png,31.5%
fde79123-610b-475c-8b37-1ab28ffd16ac.png,68.5%
fde79123-610b-475c-8b37-1ab28ffd16ac.png,58.2%
fde79123-610b-475c-8b37-1ab28ffd16ac.png,45.7%
fde79123-610b-475c-8b37-1ab28ffd16ac.png,54.3%
fde79123-610b-475c-8b37-1ab28ffd16ac.png,57.9%
fde79123-610b-475c-8b37-1ab28ffd16ac.png,21.4%
fde79123-610b-475c-8b37-1ab28ffd16ac.png,78.6%
fde79123-610b-475c-8b37-1ab28ffd16ac.png,57.7%
fde79123-610b-475c-8b37-1ab28ffd16ac.png,33.7%
fde79123-610b-475c-8b37-1ab28ffd16ac.png,66.3%
fde79123-610b-475c-8b37-1ab28ffd16ac.png,57.4%
fde79123-610b-475c-8b37-1ab28ffd16ac.png,35.0%
fde79123-610b-475c-8b37-1ab28ffd16ac.png,65.0%
fde79123-610b-475c-8b37-1ab28ffd16ac.png,57.2%
fde79123-610b-475c-8b37-1ab28ffd16ac.png,47.5%
fde79123-610b-475c-8b37-1ab28ffd16ac.png,52.5%
ffc77fa0-80c1-4737-a45c-df4ca49af737.png,57.6%
ffc77fa0-80c1-4737-a45c-df4ca49af737.png,39.9%
ffc77fa0-80c1-4737-a45c-df4ca49af737.png,60.1%
ffc77fa0-80c1-4737-a45c-df4ca49af737.png,57.3%
ffc77fa0-80c1-4737-a45c-df4ca49af737.png,52.7%
ffc77fa0-80c1-4737-a45c-df4ca49af737.png,47.3%
ffc77fa0-80c1-4737-a45c-df4ca49af737.png,57.0%
ffc77fa0-80c1-4737-a45c-df4ca49af737.png,21.1%
ffc77fa0-80c1-4737-a45c-df4ca49af737.png,78.9%
ffc77fa0-80c1-4737-a45c-df4ca49af737.png,56.7%
ffc77fa0-80c1-4737-a45c-df4ca49af737.png,29.6%
ffc77fa0-80c1-4737-a45c-df4ca49af737.png,70.4%
ffc77fa0-80c1-4737-a45c-df4ca49af737.png,56.4%
ffc77fa0-80c1-4737-a45c-df4ca49af737.png,32.0%
ffc77fa0-80c1-4737-a45c-df4ca49af737.png,68.0%
ffc77fa0-80c1-4737-a45c-df4ca49af737.png,55.9%
ffc77fa0-80c1-4737-a45c-df4ca49af737.png,40.5%
ffc77fa0-80c1-4737-a45c-df4ca49af737.png,59.5%
ffc77fa0-80c1-4737-a45c-df4ca49af737.png,55.3%
ffc77fa0-80c1-4737-a45c-df4ca49af737.png,24.5%
ffc77fa0-80c1-4737-a45c-df4ca49af737.png,75.5%
ffc77fa0-80c1-4737-a45c-df4ca49af737.png,55.1%
ffc77fa0-80c1-4737-a45c-df4ca49af737.png,25.8%
ffc77fa0-80c1-4737-a45c-df4ca49af737.png,74.2%
ffc77fa0-80c1-4737-a45c-df4ca49af737.png,54.8%
ffc77fa0-80c1-4737-a45c-df4ca49af737.png,30.9%
ffc77fa0-80c1-4737-a45c-df4ca49af737.png,69.1%
ffc77fa0-80c1-4737-a45c-df4ca49af737.png,54.8%
ffc77fa0-80c1-4737-a45c-df4ca49af737.png,39.9%
ffc77fa0-80c1-4737-a45c-df4ca49af737.png,60.1%
ffc77fa0-80c1-4737-a45c-df4ca49af737.png,54.7%
ffc77fa0-80c1-4737-a45c-df4ca49af737.png,10.7%
ffc77fa0-80c1-4737-a45c-df4ca49af737.png,89.3%
